Feature Set,Model,Train Samples,Test Samples,Fold Accuracy,Fold Balanced Acc,Fold F1 Score,Fold Sensitivity,Fold Specificity,Fold ROC-AUC,Train Time (s),win_size
6_All_Combined,RF,215126.4000 ± 9307.1754,53781.6000 ± 9307.1754,0.7316 ± 0.1301,0.7461 ± 0.1128,0.7106 ± 0.1379,0.6223 ± 0.1871,0.8699 ± 0.1243,0.8384 ± 0.1235,631.3410 ± 46.7469,2
6_All_Combined,XGB,215126.4000 ± 9307.1754,53781.6000 ± 9307.1754,0.7369 ± 0.1460,0.7565 ± 0.1208,0.6977 ± 0.1747,0.5919 ± 0.2215,0.9211 ± 0.0678,0.8347 ± 0.1321,50.2285 ± 2.3282,2
6_All_Combined,GB,215126.4000 ± 9307.1754,53781.6000 ± 9307.1754,0.7330 ± 0.1375,0.7514 ± 0.1136,0.7011 ± 0.1645,0.6122 ± 0.2308,0.8905 ± 0.1107,0.8351 ± 0.1334,4355.9182 ± 229.6503,2
6_All_Combined,LR,215126.4000 ± 9307.1754,53781.6000 ± 9307.1754,0.4595 ± 0.0639,0.5000 ± 0.0000,0.0000 ± 0.0000,0.0000 ± 0.0000,1.0000 ± 0.0000,0.5000 ± 0.0000,104.9761 ± 35.1951,2
6_All_Combined,DT,215126.4000 ± 9307.1754,53781.6000 ± 9307.1754,0.7089 ± 0.0900,0.7157 ± 0.0825,0.7116 ± 0.0719,0.6623 ± 0.1182,0.7691 ± 0.1537,0.7157 ± 0.0825,26.9023 ± 2.2161,2
ACC_1_TimeDomain_Stats_XYZ,RF,215126.4000 ± 9307.1754,53781.6000 ± 9307.1754,0.6726 ± 0.1565,0.6876 ± 0.1405,0.6460 ± 0.1840,0.5824 ± 0.2174,0.7928 ± 0.1162,0.7625 ± 0.1834,413.2445 ± 78.6458,2
ACC_1_TimeDomain_Stats_XYZ,XGB,215126.4000 ± 9307.1754,53781.6000 ± 9307.1754,0.6774 ± 0.1693,0.6927 ± 0.1509,0.6480 ± 0.2072,0.5889 ± 0.2424,0.7964 ± 0.1195,0.7654 ± 0.1971,32.0130 ± 1.1082,2
ACC_1_TimeDomain_Stats_XYZ,GB,215126.4000 ± 9307.1754,53781.6000 ± 9307.1754,0.6811 ± 0.1644,0.6961 ± 0.1462,0.6548 ± 0.2015,0.6002 ± 0.2422,0.7919 ± 0.1183,0.7751 ± 0.1829,2169.0889 ± 104.1556,2
ACC_1_TimeDomain_Stats_XYZ,LR,215126.4000 ± 9307.1754,53781.6000 ± 9307.1754,0.4595 ± 0.0639,0.5000 ± 0.0000,0.0000 ± 0.0000,0.0000 ± 0.0000,1.0000 ± 0.0000,0.5000 ± 0.0000,17.7120 ± 4.6830,2
ACC_1_TimeDomain_Stats_XYZ,DT,215126.4000 ± 9307.1754,53781.6000 ± 9307.1754,0.6343 ± 0.1104,0.6418 ± 0.1020,0.6330 ± 0.1112,0.5961 ± 0.1500,0.6875 ± 0.0906,0.6419 ± 0.1018,11.6683 ± 0.8811,2
ACC_2_PSD_Frequency_XYZ,RF,215126.4000 ± 9307.1754,53781.6000 ± 9307.1754,0.7173 ± 0.1032,0.7257 ± 0.0971,0.7162 ± 0.0926,0.6659 ± 0.1588,0.7856 ± 0.1639,0.8151 ± 0.1213,317.1563 ± 47.7621,2
ACC_2_PSD_Frequency_XYZ,XGB,215126.4000 ± 9307.1754,53781.6000 ± 9307.1754,0.7096 ± 0.1612,0.7266 ± 0.1401,0.6748 ± 0.1799,0.5812 ± 0.2228,0.8720 ± 0.1085,0.8096 ± 0.1548,23.2784 ± 3.0994,2
ACC_2_PSD_Frequency_XYZ,GB,215126.4000 ± 9307.1754,53781.6000 ± 9307.1754,0.6948 ± 0.1669,0.7129 ± 0.1434,0.6542 ± 0.2000,0.5707 ± 0.2503,0.8550 ± 0.1127,0.7781 ± 0.1917,1616.4840 ± 79.4245,2
ACC_2_PSD_Frequency_XYZ,LR,215126.4000 ± 9307.1754,53781.6000 ± 9307.1754,0.4398 ± 0.0401,0.5000 ± 0.0000,0.1243 ± 0.2779,0.2000 ± 0.4472,0.8000 ± 0.4472,0.5000 ± 0.0000,14.4385 ± 6.1292,2
ACC_2_PSD_Frequency_XYZ,DT,215126.4000 ± 9307.1754,53781.6000 ± 9307.1754,0.6526 ± 0.1253,0.6567 ± 0.1210,0.6641 ± 0.1149,0.6438 ± 0.1629,0.6696 ± 0.1585,0.6567 ± 0.1210,10.4057 ± 0.7434,2
ACC_3_Magnitude_TimeDomain,RF,215126.4000 ± 9307.1754,53781.6000 ± 9307.1754,0.6565 ± 0.0902,0.6594 ± 0.0824,0.6602 ± 0.0928,0.6323 ± 0.1417,0.6864 ± 0.1241,0.7231 ± 0.1064,162.3096 ± 10.3067,2
ACC_3_Magnitude_TimeDomain,XGB,215126.4000 ± 9307.1754,53781.6000 ± 9307.1754,0.6612 ± 0.0758,0.6617 ± 0.0683,0.6636 ± 0.0750,0.6298 ± 0.1219,0.6937 ± 0.1336,0.7228 ± 0.0892,14.1401 ± 1.0419,2
ACC_3_Magnitude_TimeDomain,GB,215126.4000 ± 9307.1754,53781.6000 ± 9307.1754,0.6651 ± 0.0778,0.6652 ± 0.0715,0.6749 ± 0.0770,0.6562 ± 0.1309,0.6742 ± 0.1335,0.7272 ± 0.0962,776.7981 ± 36.0740,2
ACC_3_Magnitude_TimeDomain,LR,215126.4000 ± 9307.1754,53781.6000 ± 9307.1754,0.4595 ± 0.0639,0.5000 ± 0.0000,0.0000 ± 0.0000,0.0000 ± 0.0000,1.0000 ± 0.0000,0.5000 ± 0.0000,4.4172 ± 0.2277,2
ACC_3_Magnitude_TimeDomain,DT,215126.4000 ± 9307.1754,53781.6000 ± 9307.1754,0.6051 ± 0.0699,0.6059 ± 0.0622,0.6119 ± 0.0787,0.5878 ± 0.1121,0.6241 ± 0.0911,0.6085 ± 0.0635,4.2665 ± 0.2344,2
ACC_4_Magnitude_PSD,RF,215126.4000 ± 9307.1754,53781.6000 ± 9307.1754,0.6882 ± 0.0803,0.6994 ± 0.0726,0.6939 ± 0.0703,0.6623 ± 0.1488,0.7365 ± 0.1686,0.7844 ± 0.0817,224.1261 ± 15.1441,2
ACC_4_Magnitude_PSD,XGB,215126.4000 ± 9307.1754,53781.6000 ± 9307.1754,0.6413 ± 0.1039,0.6574 ± 0.0831,0.6118 ± 0.1054,0.5326 ± 0.1500,0.7822 ± 0.1245,0.7412 ± 0.1071,12.9111 ± 0.6173,2
ACC_4_Magnitude_PSD,GB,215126.4000 ± 9307.1754,53781.6000 ± 9307.1754,0.6314 ± 0.0826,0.6454 ± 0.0600,0.5947 ± 0.0758,0.5041 ± 0.1002,0.7868 ± 0.0924,0.7249 ± 0.0854,600.5885 ± 100.5113,2
ACC_4_Magnitude_PSD,LR,215126.4000 ± 9307.1754,53781.6000 ± 9307.1754,0.4994 ± 0.0783,0.5000 ± 0.0000,0.1500 ± 0.3353,0.2000 ± 0.4472,0.8000 ± 0.4472,0.5000 ± 0.0000,3.9134 ± 1.1488,2
ACC_4_Magnitude_PSD,DT,215126.4000 ± 9307.1754,53781.6000 ± 9307.1754,0.6261 ± 0.0529,0.6337 ± 0.0484,0.6352 ± 0.0395,0.6109 ± 0.1141,0.6565 ± 0.1301,0.6344 ± 0.0489,7.2228 ± 8.0659,2
ACC_5_Integrative_Magnitude,RF,215126.4000 ± 9307.1754,53781.6000 ± 9307.1754,0.6973 ± 0.0858,0.7074 ± 0.0763,0.6865 ± 0.0847,0.6204 ± 0.1360,0.7944 ± 0.1262,0.8062 ± 0.0751,274.5742 ± 38.0680,2
ACC_5_Integrative_Magnitude,XGB,215126.4000 ± 9307.1754,53781.6000 ± 9307.1754,0.7037 ± 0.0762,0.7148 ± 0.0654,0.6862 ± 0.0700,0.6012 ± 0.1017,0.8284 ± 0.1107,0.8180 ± 0.0775,20.3168 ± 0.8010,2
ACC_5_Integrative_Magnitude,GB,215126.4000 ± 9307.1754,53781.6000 ± 9307.1754,0.6984 ± 0.0857,0.7091 ± 0.0760,0.6803 ± 0.0781,0.5934 ± 0.0979,0.8248 ± 0.1108,0.8025 ± 0.0826,1409.7014 ± 170.7700,2
ACC_5_Integrative_Magnitude,LR,215126.4000 ± 9307.1754,53781.6000 ± 9307.1754,0.4595 ± 0.0639,0.5000 ± 0.0000,0.0000 ± 0.0000,0.0000 ± 0.0000,1.0000 ± 0.0000,0.5000 ± 0.0000,11.3560 ± 1.5226,2
ACC_5_Integrative_Magnitude,DT,215126.4000 ± 9307.1754,53781.6000 ± 9307.1754,0.6856 ± 0.0742,0.6914 ± 0.0662,0.6851 ± 0.0676,0.6376 ± 0.0975,0.7452 ± 0.0851,0.6915 ± 0.0661,6.6787 ± 0.4080,2
Feature Set,Model,Train Samples,Test Samples,Fold Accuracy,Fold Balanced Acc,Fold F1 Score,Fold Sensitivity,Fold Specificity,Fold ROC-AUC,Train Time (s),5
6_All_Combined,RF,85858.4000 ± 3732.7926,21464.6000 ± 3732.7926,0.6991 ± 0.1669,0.7204 ± 0.1393,0.6543 ± 0.2012,0.5517 ± 0.2235,0.8891 ± 0.1057,0.7899 ± 0.1710,227.5722 ± 47.5844,5
6_All_Combined,XGB,85858.4000 ± 3732.7926,21464.6000 ± 3732.7926,0.7148 ± 0.1293,0.7345 ± 0.1031,0.6768 ± 0.1427,0.5659 ± 0.1832,0.9030 ± 0.0853,0.8108 ± 0.1259,43.2231 ± 10.1909,5
6_All_Combined,GB,85858.4000 ± 3732.7926,21464.6000 ± 3732.7926,0.7130 ± 0.1451,0.7319 ± 0.1199,0.6792 ± 0.1634,0.5781 ± 0.1981,0.8857 ± 0.1010,0.7989 ± 0.1486,1862.6862 ± 319.6003,5
6_All_Combined,LR,85858.4000 ± 3732.7926,21464.6000 ± 3732.7926,0.4592 ± 0.0638,0.5000 ± 0.0000,0.0000 ± 0.0000,0.0000 ± 0.0000,1.0000 ± 0.0000,0.5000 ± 0.0000,41.1888 ± 4.6344,5
6_All_Combined,DT,85858.4000 ± 3732.7926,21464.6000 ± 3732.7926,0.6628 ± 0.1402,0.6774 ± 0.1178,0.6342 ± 0.1563,0.5573 ± 0.1909,0.7974 ± 0.1116,0.6789 ± 0.1190,11.0225 ± 1.3475,5
ACC_1_TimeDomain_Stats_XYZ,RF,85858.4000 ± 3732.7926,21464.6000 ± 3732.7926,0.6506 ± 0.1343,0.6761 ± 0.1046,0.5813 ± 0.2111,0.4952 ± 0.2311,0.8570 ± 0.0902,0.7427 ± 0.1501,136.9777 ± 25.4403,5
ACC_1_TimeDomain_Stats_XYZ,XGB,85858.4000 ± 3732.7926,21464.6000 ± 3732.7926,0.6697 ± 0.1335,0.6925 ± 0.1059,0.6157 ± 0.1951,0.5341 ± 0.2296,0.8508 ± 0.0827,0.7666 ± 0.1302,18.2505 ± 0.8420,5
ACC_1_TimeDomain_Stats_XYZ,GB,85858.4000 ± 3732.7926,21464.6000 ± 3732.7926,0.6689 ± 0.1341,0.6920 ± 0.1061,0.6143 ± 0.2007,0.5370 ± 0.2386,0.8471 ± 0.0897,0.7684 ± 0.1348,781.0676 ± 39.3509,5
ACC_1_TimeDomain_Stats_XYZ,LR,85858.4000 ± 3732.7926,21464.6000 ± 3732.7926,0.4712 ± 0.0715,0.5049 ± 0.0110,0.1162 ± 0.2598,0.1229 ± 0.2748,0.8870 ± 0.2527,0.5006 ± 0.0013,11.1755 ± 10.5946,5
ACC_1_TimeDomain_Stats_XYZ,DT,85858.4000 ± 3732.7926,21464.6000 ± 3732.7926,0.6184 ± 0.0952,0.6335 ± 0.0798,0.5959 ± 0.1148,0.5386 ± 0.1552,0.7285 ± 0.0805,0.6335 ± 0.0798,7.9179 ± 8.5852,5
ACC_2_PSD_Frequency_XYZ,RF,85858.4000 ± 3732.7926,21464.6000 ± 3732.7926,0.6800 ± 0.1822,0.6923 ± 0.1636,0.6613 ± 0.1958,0.5939 ± 0.2253,0.7907 ± 0.1555,0.7467 ± 0.1981,122.5158 ± 28.0857,5
ACC_2_PSD_Frequency_XYZ,XGB,85858.4000 ± 3732.7926,21464.6000 ± 3732.7926,0.7101 ± 0.1271,0.7250 ± 0.1095,0.6849 ± 0.1247,0.5860 ± 0.1565,0.8640 ± 0.1151,0.7908 ± 0.1370,13.2898 ± 1.0155,5
ACC_2_PSD_Frequency_XYZ,GB,85858.4000 ± 3732.7926,21464.6000 ± 3732.7926,0.7052 ± 0.1394,0.7209 ± 0.1216,0.6784 ± 0.1482,0.5884 ± 0.1848,0.8535 ± 0.1084,0.7856 ± 0.1566,598.7839 ± 27.6375,5
ACC_2_PSD_Frequency_XYZ,LR,85858.4000 ± 3732.7926,21464.6000 ± 3732.7926,0.4592 ± 0.0638,0.5000 ± 0.0000,0.0000 ± 0.0000,0.0000 ± 0.0000,1.0000 ± 0.0000,0.5000 ± 0.0000,5.9547 ± 1.5709,5
ACC_2_PSD_Frequency_XYZ,DT,85858.4000 ± 3732.7926,21464.6000 ± 3732.7926,0.6140 ± 0.1170,0.6242 ± 0.1095,0.6204 ± 0.1183,0.5980 ± 0.1654,0.6504 ± 0.1338,0.6288 ± 0.1165,4.0971 ± 0.4364,5
ACC_3_Magnitude_TimeDomain,RF,85858.4000 ± 3732.7926,21464.6000 ± 3732.7926,0.6186 ± 0.0940,0.6290 ± 0.0857,0.5893 ± 0.1184,0.5241 ± 0.1453,0.7340 ± 0.1128,0.6810 ± 0.0907,64.2520 ± 12.0360,5
ACC_3_Magnitude_TimeDomain,XGB,85858.4000 ± 3732.7926,21464.6000 ± 3732.7926,0.6377 ± 0.0516,0.6437 ± 0.0549,0.6208 ± 0.0810,0.5625 ± 0.1103,0.7249 ± 0.1122,0.6924 ± 0.0630,11.4900 ± 8.6333,5
ACC_3_Magnitude_TimeDomain,GB,85858.4000 ± 3732.7926,21464.6000 ± 3732.7926,0.6352 ± 0.0657,0.6421 ± 0.0633,0.6237 ± 0.0871,0.5746 ± 0.1231,0.7095 ± 0.1173,0.6925 ± 0.0668,284.5815 ± 13.3931,5
ACC_3_Magnitude_TimeDomain,LR,85858.4000 ± 3732.7926,21464.6000 ± 3732.7926,0.4592 ± 0.0638,0.5000 ± 0.0000,0.0000 ± 0.0000,0.0000 ± 0.0000,1.0000 ± 0.0000,0.4998 ± 0.0004,0.8216 ± 0.1106,5
ACC_3_Magnitude_TimeDomain,DT,85858.4000 ± 3732.7926,21464.6000 ± 3732.7926,0.5769 ± 0.0281,0.5838 ± 0.0257,0.5635 ± 0.0500,0.5115 ± 0.0685,0.6562 ± 0.0638,0.5835 ± 0.0255,1.5450 ± 0.0866,5
ACC_4_Magnitude_PSD,RF,85858.4000 ± 3732.7926,21464.6000 ± 3732.7926,0.5864 ± 0.1136,0.5999 ± 0.0969,0.5688 ± 0.1366,0.5296 ± 0.1926,0.6701 ± 0.1229,0.6472 ± 0.1450,79.3118 ± 17.1943,5
ACC_4_Magnitude_PSD,XGB,85858.4000 ± 3732.7926,21464.6000 ± 3732.7926,0.6129 ± 0.0715,0.6257 ± 0.0565,0.5878 ± 0.0635,0.5179 ± 0.1116,0.7336 ± 0.1097,0.6792 ± 0.0949,6.8421 ± 0.6370,5
ACC_4_Magnitude_PSD,GB,85858.4000 ± 3732.7926,21464.6000 ± 3732.7926,0.5882 ± 0.0970,0.6049 ± 0.0779,0.5512 ± 0.1032,0.4801 ± 0.1431,0.7297 ± 0.1030,0.6460 ± 0.1094,256.2244 ± 38.7566,5
ACC_4_Magnitude_PSD,LR,85858.4000 ± 3732.7926,21464.6000 ± 3732.7926,0.4592 ± 0.0638,0.5000 ± 0.0000,0.0000 ± 0.0000,0.0000 ± 0.0000,1.0000 ± 0.0000,0.5000 ± 0.0000,5.0658 ± 8.8886,5
ACC_4_Magnitude_PSD,DT,85858.4000 ± 3732.7926,21464.6000 ± 3732.7926,0.5718 ± 0.0838,0.5797 ± 0.0736,0.5638 ± 0.0895,0.5237 ± 0.1333,0.6356 ± 0.1081,0.5787 ± 0.0721,1.4500 ± 0.0680,5
ACC_5_Integrative_Magnitude,RF,85858.4000 ± 3732.7926,21464.6000 ± 3732.7926,0.6809 ± 0.0916,0.6947 ± 0.0739,0.6562 ± 0.0914,0.5702 ± 0.1379,0.8192 ± 0.1241,0.7603 ± 0.0933,74.4135 ± 4.8073,5
ACC_5_Integrative_Magnitude,XGB,85858.4000 ± 3732.7926,21464.6000 ± 3732.7926,0.6749 ± 0.0685,0.6885 ± 0.0495,0.6470 ± 0.0657,0.5586 ± 0.1168,0.8185 ± 0.1227,0.7581 ± 0.0783,11.3042 ± 0.7726,5
ACC_5_Integrative_Magnitude,GB,85858.4000 ± 3732.7926,21464.6000 ± 3732.7926,0.6549 ± 0.0995,0.6725 ± 0.0780,0.6187 ± 0.1059,0.5293 ± 0.1502,0.8158 ± 0.1064,0.7340 ± 0.0957,523.2495 ± 62.7289,5
ACC_5_Integrative_Magnitude,LR,85858.4000 ± 3732.7926,21464.6000 ± 3732.7926,0.4592 ± 0.0638,0.5000 ± 0.0000,0.0000 ± 0.0000,0.0000 ± 0.0000,1.0000 ± 0.0000,0.5000 ± 0.0000,2.9316 ± 0.4291,5
ACC_5_Integrative_Magnitude,DT,85858.4000 ± 3732.7926,21464.6000 ± 3732.7926,0.6253 ± 0.0416,0.6342 ± 0.0309,0.6091 ± 0.0347,0.5474 ± 0.0958,0.7210 ± 0.1104,0.6342 ± 0.0309,2.6408 ± 0.1509,5
Feature Set,Model,Train Samples,Test Samples,Fold Accuracy,Fold Balanced Acc,Fold F1 Score,Fold Sensitivity,Fold Specificity,Fold ROC-AUC,Train Time (s),10
6_All_Combined,RF,42864.0000 ± 1868.2678,10716.0000 ± 1868.2678,0.6871 ± 0.1512,0.7101 ± 0.1208,0.6303 ± 0.1881,0.5182 ± 0.2146,0.9021 ± 0.0971,0.8107 ± 0.1454,100.7271 ± 28.7504,10
6_All_Combined,XGB,42864.0000 ± 1868.2678,10716.0000 ± 1868.2678,0.7108 ± 0.1038,0.7305 ± 0.0784,0.6732 ± 0.1141,0.5629 ± 0.1544,0.8980 ± 0.0693,0.8202 ± 0.1195,23.4619 ± 1.0176,10
6_All_Combined,GB,42864.0000 ± 1868.2678,10716.0000 ± 1868.2678,0.7030 ± 0.1527,0.7239 ± 0.1266,0.6600 ± 0.1860,0.5627 ± 0.2244,0.8850 ± 0.0963,0.8143 ± 0.1562,769.6120 ± 117.6462,10
6_All_Combined,LR,42864.0000 ± 1868.2678,10716.0000 ± 1868.2678,0.4589 ± 0.0638,0.5000 ± 0.0000,0.0000 ± 0.0000,0.0000 ± 0.0000,1.0000 ± 0.0000,0.5000 ± 0.0000,14.9974 ± 4.3106,10
6_All_Combined,DT,42864.0000 ± 1868.2678,10716.0000 ± 1868.2678,0.6373 ± 0.0846,0.6546 ± 0.0740,0.6110 ± 0.0843,0.5386 ± 0.1428,0.7705 ± 0.1035,0.6553 ± 0.0740,4.9732 ± 0.5041,10
ACC_1_TimeDomain_Stats_XYZ,RF,42864.0000 ± 1868.2678,10716.0000 ± 1868.2678,0.6523 ± 0.1233,0.6791 ± 0.0899,0.5697 ± 0.1941,0.4605 ± 0.2003,0.8976 ± 0.0650,0.7555 ± 0.1219,71.2936 ± 18.0443,10
ACC_1_TimeDomain_Stats_XYZ,XGB,42864.0000 ± 1868.2678,10716.0000 ± 1868.2678,0.6521 ± 0.1293,0.6772 ± 0.0972,0.5798 ± 0.2005,0.4832 ± 0.2131,0.8712 ± 0.0662,0.7707 ± 0.1143,11.4690 ± 0.5936,10
ACC_1_TimeDomain_Stats_XYZ,GB,42864.0000 ± 1868.2678,10716.0000 ± 1868.2678,0.6577 ± 0.1273,0.6828 ± 0.0955,0.5870 ± 0.1984,0.4897 ± 0.2125,0.8760 ± 0.0703,0.7810 ± 0.0955,357.6449 ± 17.3283,10
ACC_1_TimeDomain_Stats_XYZ,LR,42864.0000 ± 1868.2678,10716.0000 ± 1868.2678,0.4589 ± 0.0638,0.5000 ± 0.0000,0.0000 ± 0.0000,0.0000 ± 0.0000,1.0000 ± 0.0000,0.5000 ± 0.0000,0.8884 ± 0.1891,10
ACC_1_TimeDomain_Stats_XYZ,DT,42864.0000 ± 1868.2678,10716.0000 ± 1868.2678,0.5975 ± 0.1173,0.6160 ± 0.0938,0.5403 ± 0.1629,0.4611 ± 0.1752,0.7708 ± 0.0615,0.6160 ± 0.0938,5.7049 ± 8.8552,10
ACC_2_PSD_Frequency_XYZ,RF,42864.0000 ± 1868.2678,10716.0000 ± 1868.2678,0.6921 ± 0.1543,0.7079 ± 0.1416,0.6757 ± 0.1577,0.6088 ± 0.2040,0.8070 ± 0.1411,0.7794 ± 0.1721,55.0433 ± 16.5304,10
ACC_2_PSD_Frequency_XYZ,XGB,42864.0000 ± 1868.2678,10716.0000 ± 1868.2678,0.6881 ± 0.1217,0.7043 ± 0.1062,0.6600 ± 0.1197,0.5678 ± 0.1554,0.8408 ± 0.1092,0.7749 ± 0.1498,9.9215 ± 0.7349,10
ACC_2_PSD_Frequency_XYZ,GB,42864.0000 ± 1868.2678,10716.0000 ± 1868.2678,0.6947 ± 0.1377,0.7102 ± 0.1240,0.6725 ± 0.1352,0.5878 ± 0.1747,0.8326 ± 0.1342,0.7764 ± 0.1671,282.6440 ± 13.7584,10
ACC_2_PSD_Frequency_XYZ,LR,42864.0000 ± 1868.2678,10716.0000 ± 1868.2678,0.4589 ± 0.0638,0.5000 ± 0.0000,0.0000 ± 0.0000,0.0000 ± 0.0000,1.0000 ± 0.0000,0.5000 ± 0.0000,2.1986 ± 0.5222,10
ACC_2_PSD_Frequency_XYZ,DT,42864.0000 ± 1868.2678,10716.0000 ± 1868.2678,0.6310 ± 0.0932,0.6408 ± 0.0872,0.6220 ± 0.0796,0.5667 ± 0.1162,0.7149 ± 0.1147,0.6408 ± 0.0872,1.9088 ± 0.1580,10
ACC_3_Magnitude_TimeDomain,RF,42864.0000 ± 1868.2678,10716.0000 ± 1868.2678,0.6013 ± 0.0493,0.6164 ± 0.0293,0.5439 ± 0.0814,0.4540 ± 0.1216,0.7787 ± 0.0954,0.6442 ± 0.0481,26.0510 ± 4.9481,10
ACC_3_Magnitude_TimeDomain,XGB,42864.0000 ± 1868.2678,10716.0000 ± 1868.2678,0.5985 ± 0.0388,0.6111 ± 0.0194,0.5495 ± 0.0762,0.4682 ± 0.1244,0.7541 ± 0.1065,0.6396 ± 0.0345,5.0890 ± 0.6714,10
ACC_3_Magnitude_TimeDomain,GB,42864.0000 ± 1868.2678,10716.0000 ± 1868.2678,0.6073 ± 0.0401,0.6203 ± 0.0214,0.5654 ± 0.0692,0.4865 ± 0.1187,0.7540 ± 0.1081,0.6517 ± 0.0315,131.5562 ± 6.4549,10
ACC_3_Magnitude_TimeDomain,LR,42864.0000 ± 1868.2678,10716.0000 ± 1868.2678,0.5009 ± 0.0786,0.5000 ± 0.0000,0.1508 ± 0.3372,0.2000 ± 0.4472,0.8000 ± 0.4472,0.5078 ± 0.0174,0.2918 ± 0.0225,10
ACC_3_Magnitude_TimeDomain,DT,42864.0000 ± 1868.2678,10716.0000 ± 1868.2678,0.5684 ± 0.0281,0.5758 ± 0.0242,0.5383 ± 0.0796,0.4780 ± 0.1073,0.6735 ± 0.0747,0.5757 ± 0.0242,0.7287 ± 0.0582,10
ACC_4_Magnitude_PSD,RF,42864.0000 ± 1868.2678,10716.0000 ± 1868.2678,0.6068 ± 0.1111,0.6136 ± 0.0912,0.5861 ± 0.1467,0.5435 ± 0.1916,0.6837 ± 0.0976,0.6711 ± 0.1011,38.0709 ± 6.8086,10
ACC_4_Magnitude_PSD,XGB,42864.0000 ± 1868.2678,10716.0000 ± 1868.2678,0.5913 ± 0.0763,0.6036 ± 0.0582,0.5496 ± 0.1042,0.4753 ± 0.1276,0.7318 ± 0.0699,0.6500 ± 0.0718,4.4039 ± 0.5898,10
ACC_4_Magnitude_PSD,GB,42864.0000 ± 1868.2678,10716.0000 ± 1868.2678,0.5622 ± 0.0805,0.5787 ± 0.0597,0.5085 ± 0.1210,0.4370 ± 0.1408,0.7204 ± 0.0921,0.6111 ± 0.0924,100.4948 ± 4.8221,10
ACC_4_Magnitude_PSD,LR,42864.0000 ± 1868.2678,10716.0000 ± 1868.2678,0.4589 ± 0.0638,0.5000 ± 0.0000,0.0000 ± 0.0000,0.0000 ± 0.0000,1.0000 ± 0.0000,0.4990 ± 0.0023,0.4422 ± 0.0677,10
ACC_4_Magnitude_PSD,DT,42864.0000 ± 1868.2678,10716.0000 ± 1868.2678,0.5810 ± 0.0655,0.5852 ± 0.0601,0.5850 ± 0.0745,0.5559 ± 0.1096,0.6144 ± 0.0992,0.5852 ± 0.0597,0.7259 ± 0.0344,10
ACC_5_Integrative_Magnitude,RF,42864.0000 ± 1868.2678,10716.0000 ± 1868.2678,0.6611 ± 0.0661,0.6721 ± 0.0428,0.6242 ± 0.0735,0.5308 ± 0.1192,0.8134 ± 0.1056,0.7407 ± 0.0791,43.1898 ± 14.1660,10
ACC_5_Integrative_Magnitude,XGB,42864.0000 ± 1868.2678,10716.0000 ± 1868.2678,0.6373 ± 0.0690,0.6498 ± 0.0526,0.5939 ± 0.0965,0.5055 ± 0.1275,0.7940 ± 0.0915,0.7040 ± 0.0588,8.2937 ± 0.7015,10
ACC_5_Integrative_Magnitude,GB,42864.0000 ± 1868.2678,10716.0000 ± 1868.2678,0.6176 ± 0.0932,0.6347 ± 0.0663,0.5572 ± 0.1354,0.4668 ± 0.1608,0.8025 ± 0.1012,0.6924 ± 0.0690,228.6369 ± 32.5217,10
ACC_5_Integrative_Magnitude,LR,42864.0000 ± 1868.2678,10716.0000 ± 1868.2678,0.4592 ± 0.0639,0.4953 ± 0.0104,0.0864 ± 0.1933,0.0759 ± 0.1698,0.9147 ± 0.1906,0.5027 ± 0.0060,2.3157 ± 3.0880,10
ACC_5_Integrative_Magnitude,DT,42864.0000 ± 1868.2678,10716.0000 ± 1868.2678,0.5959 ± 0.0607,0.6050 ± 0.0433,0.5652 ± 0.0780,0.4974 ± 0.1145,0.7127 ± 0.0938,0.6050 ± 0.0433,1.2702 ± 0.0763,10
Feature Set,Model,Train Samples,Test Samples,Fold Accuracy,Fold Balanced Acc,Fold F1 Score,Fold Sensitivity,Fold Specificity,Fold ROC-AUC,Train Time (s),30
6_All_Combined,RF,14190.4000 ± 624.9734,3547.6000 ± 624.9734,0.6137 ± 0.1069,0.6377 ± 0.0780,0.5086 ± 0.1579,0.3904 ± 0.1689,0.8851 ± 0.1036,0.6625 ± 0.0868,25.0705 ± 4.3710,30
6_All_Combined,XGB,14190.4000 ± 624.9734,3547.6000 ± 624.9734,0.6328 ± 0.0850,0.6520 ± 0.0617,0.5725 ± 0.0857,0.4593 ± 0.1060,0.8447 ± 0.0921,0.6762 ± 0.0899,16.5273 ± 1.3627,30
6_All_Combined,GB,14190.4000 ± 624.9734,3547.6000 ± 624.9734,0.6168 ± 0.0946,0.6370 ± 0.0688,0.5323 ± 0.1263,0.4169 ± 0.1412,0.8571 ± 0.0942,0.6598 ± 0.0967,251.8782 ± 34.8687,30
6_All_Combined,LR,14190.4000 ± 624.9734,3547.6000 ± 624.9734,0.4577 ± 0.0639,0.5000 ± 0.0000,0.0000 ± 0.0000,0.0000 ± 0.0000,1.0000 ± 0.0000,0.5000 ± 0.0000,3.0531 ± 0.7004,30
6_All_Combined,DT,14190.4000 ± 624.9734,3547.6000 ± 624.9734,0.5192 ± 0.0449,0.5312 ± 0.0445,0.4509 ± 0.0685,0.3685 ± 0.0682,0.6939 ± 0.0922,0.5326 ± 0.0434,1.3179 ± 0.1058,30
ACC_1_TimeDomain_Stats_XYZ,RF,14190.4000 ± 624.9734,3547.6000 ± 624.9734,0.6099 ± 0.0911,0.6344 ± 0.0636,0.5118 ± 0.1214,0.3896 ± 0.1300,0.8791 ± 0.0796,0.6725 ± 0.0602,16.5093 ± 3.9209,30
ACC_1_TimeDomain_Stats_XYZ,XGB,14190.4000 ± 624.9734,3547.6000 ± 624.9734,0.6074 ± 0.1084,0.6310 ± 0.0816,0.5314 ± 0.1485,0.4311 ± 0.1653,0.8309 ± 0.0938,0.6891 ± 0.0878,6.0038 ± 0.9079,30
ACC_1_TimeDomain_Stats_XYZ,GB,14190.4000 ± 624.9734,3547.6000 ± 624.9734,0.6112 ± 0.1105,0.6329 ± 0.0853,0.5265 ± 0.1606,0.4184 ± 0.1582,0.8474 ± 0.0829,0.6829 ± 0.1021,91.3522 ± 14.9415,30
ACC_1_TimeDomain_Stats_XYZ,LR,14190.4000 ± 624.9734,3547.6000 ± 624.9734,0.4577 ± 0.0639,0.5000 ± 0.0000,0.0000 ± 0.0000,0.0000 ± 0.0000,1.0000 ± 0.0000,0.5000 ± 0.0000,0.2361 ± 0.0222,30
ACC_1_TimeDomain_Stats_XYZ,DT,14190.4000 ± 624.9734,3547.6000 ± 624.9734,0.5688 ± 0.0677,0.5841 ± 0.0591,0.5047 ± 0.0969,0.4145 ± 0.1086,0.7537 ± 0.0625,0.5846 ± 0.0586,4.5135 ± 8.9291,30
ACC_2_PSD_Frequency_XYZ,RF,14190.4000 ± 624.9734,3547.6000 ± 624.9734,0.5910 ± 0.0688,0.6044 ± 0.0607,0.5446 ± 0.0665,0.4595 ± 0.1105,0.7493 ± 0.1325,0.6232 ± 0.0788,24.2258 ± 11.2689,30
ACC_2_PSD_Frequency_XYZ,XGB,14190.4000 ± 624.9734,3547.6000 ± 624.9734,0.5781 ± 0.0506,0.5920 ± 0.0431,0.5193 ± 0.0537,0.4279 ± 0.0897,0.7562 ± 0.1178,0.6142 ± 0.0497,8.0447 ± 1.3471,30
ACC_2_PSD_Frequency_XYZ,GB,14190.4000 ± 624.9734,3547.6000 ± 624.9734,0.5869 ± 0.0707,0.6024 ± 0.0570,0.5318 ± 0.0681,0.4421 ± 0.1119,0.7627 ± 0.1232,0.6229 ± 0.0870,87.7872 ± 4.1760,30
ACC_2_PSD_Frequency_XYZ,LR,14190.4000 ± 624.9734,3547.6000 ± 624.9734,0.4577 ± 0.0639,0.5000 ± 0.0000,0.0000 ± 0.0000,0.0000 ± 0.0000,1.0000 ± 0.0000,0.5000 ± 0.0000,0.4851 ± 0.1661,30
ACC_2_PSD_Frequency_XYZ,DT,14190.4000 ± 624.9734,3547.6000 ± 624.9734,0.5240 ± 0.0292,0.5310 ± 0.0365,0.5076 ± 0.0625,0.4591 ± 0.0761,0.6029 ± 0.0878,0.5316 ± 0.0346,0.6076 ± 0.0420,30
ACC_3_Magnitude_TimeDomain,RF,14190.4000 ± 624.9734,3547.6000 ± 624.9734,0.5672 ± 0.0288,0.5833 ± 0.0350,0.4775 ± 0.0882,0.3746 ± 0.0938,0.7920 ± 0.0841,0.6190 ± 0.0431,8.4673 ± 2.4793,30
ACC_3_Magnitude_TimeDomain,XGB,14190.4000 ± 624.9734,3547.6000 ± 624.9734,0.5640 ± 0.0390,0.5793 ± 0.0355,0.4880 ± 0.0846,0.3940 ± 0.1034,0.7646 ± 0.0971,0.6378 ± 0.0367,2.2539 ± 0.2649,30
ACC_3_Magnitude_TimeDomain,GB,14190.4000 ± 624.9734,3547.6000 ± 624.9734,0.5745 ± 0.0306,0.5874 ± 0.0401,0.5043 ± 0.0932,0.4108 ± 0.1022,0.7639 ± 0.0894,0.6300 ± 0.0623,39.1719 ± 1.8264,30
ACC_3_Magnitude_TimeDomain,LR,14190.4000 ± 624.9734,3547.6000 ± 624.9734,0.4577 ± 0.0639,0.5000 ± 0.0000,0.0000 ± 0.0000,0.0000 ± 0.0000,1.0000 ± 0.0000,0.5029 ± 0.0064,0.0628 ± 0.0005,30
ACC_3_Magnitude_TimeDomain,DT,14190.4000 ± 624.9734,3547.6000 ± 624.9734,0.5295 ± 0.0272,0.5385 ± 0.0278,0.4794 ± 0.0726,0.4071 ± 0.0825,0.6699 ± 0.0672,0.5385 ± 0.0278,0.1813 ± 0.0114,30
ACC_4_Magnitude_PSD,RF,14190.4000 ± 624.9734,3547.6000 ± 624.9734,0.5213 ± 0.0545,0.5355 ± 0.0456,0.5067 ± 0.0611,0.4644 ± 0.1082,0.6065 ± 0.1125,0.5621 ± 0.0446,12.1376 ± 2.5236,30
ACC_4_Magnitude_PSD,XGB,14190.4000 ± 624.9734,3547.6000 ± 624.9734,0.5464 ± 0.0250,0.5584 ± 0.0321,0.5108 ± 0.0402,0.4402 ± 0.0380,0.6766 ± 0.0744,0.5757 ± 0.0429,2.7324 ± 0.4250,30
ACC_4_Magnitude_PSD,GB,14190.4000 ± 624.9734,3547.6000 ± 624.9734,0.5192 ± 0.0246,0.5356 ± 0.0149,0.4660 ± 0.0347,0.3922 ± 0.0614,0.6789 ± 0.0598,0.5535 ± 0.0338,32.0704 ± 1.4366,30
ACC_4_Magnitude_PSD,LR,14190.4000 ± 624.9734,3547.6000 ± 624.9734,0.4983 ± 0.0794,0.5000 ± 0.0000,0.1502 ± 0.3359,0.2000 ± 0.4472,0.8000 ± 0.4472,0.5000 ± 0.0000,0.1068 ± 0.0247,30
ACC_4_Magnitude_PSD,DT,14190.4000 ± 624.9734,3547.6000 ± 624.9734,0.5104 ± 0.0301,0.5157 ± 0.0305,0.5102 ± 0.0193,0.4728 ± 0.0269,0.5586 ± 0.0577,0.5185 ± 0.0329,0.2071 ± 0.0162,30
ACC_5_Integrative_Magnitude,RF,14190.4000 ± 624.9734,3547.6000 ± 624.9734,0.5911 ± 0.0260,0.6057 ± 0.0365,0.5156 ± 0.0910,0.4153 ± 0.1108,0.7961 ± 0.1151,0.6351 ± 0.0458,13.9721 ± 3.2797,30
ACC_5_Integrative_Magnitude,XGB,14190.4000 ± 624.9734,3547.6000 ± 624.9734,0.5868 ± 0.0539,0.5997 ± 0.0489,0.5232 ± 0.0837,0.4275 ± 0.0954,0.7719 ± 0.0960,0.6425 ± 0.0541,4.5454 ± 0.5465,30
ACC_5_Integrative_Magnitude,GB,14190.4000 ± 624.9734,3547.6000 ± 624.9734,0.5866 ± 0.0342,0.6005 ± 0.0418,0.5156 ± 0.0954,0.4195 ± 0.1132,0.7814 ± 0.1087,0.6309 ± 0.0548,73.0851 ± 8.9623,30
ACC_5_Integrative_Magnitude,LR,14190.4000 ± 624.9734,3547.6000 ± 624.9734,0.4983 ± 0.0794,0.5000 ± 0.0000,0.1502 ± 0.3359,0.2000 ± 0.4472,0.8000 ± 0.4472,0.5000 ± 0.0000,0.2850 ± 0.0531,30
ACC_5_Integrative_Magnitude,DT,14190.4000 ± 624.9734,3547.6000 ± 624.9734,0.5460 ± 0.0564,0.5522 ± 0.0543,0.5054 ± 0.1274,0.4483 ± 0.1490,0.6561 ± 0.0858,0.5551 ± 0.0522,0.4435 ± 0.0267,30
Feature Set,Model,Train Samples,Test Samples,Fold Accuracy,Fold Balanced Acc,Fold F1 Score,Fold Sensitivity,Fold Specificity,Fold ROC-AUC,Train Time (s),60
6_All_Combined,RF,7029.6000 ± 309.5913,1757.4000 ± 309.5913,0.6272 ± 0.1208,0.6488 ± 0.0842,0.5359 ± 0.1777,0.4327 ± 0.2018,0.8650 ± 0.0855,0.6963 ± 0.1222,13.1399 ± 3.5579,60
6_All_Combined,XGB,7029.6000 ± 309.5913,1757.4000 ± 309.5913,0.6323 ± 0.0735,0.6494 ± 0.0576,0.5826 ± 0.0882,0.4911 ± 0.1328,0.8077 ± 0.0907,0.7094 ± 0.1012,12.4648 ± 1.2352,60
6_All_Combined,GB,7029.6000 ± 309.5913,1757.4000 ± 309.5913,0.6295 ± 0.0878,0.6481 ± 0.0579,0.5642 ± 0.1082,0.4626 ± 0.1469,0.8336 ± 0.0908,0.7044 ± 0.0872,107.0127 ± 24.3699,60
6_All_Combined,LR,7029.6000 ± 309.5913,1757.4000 ± 309.5913,0.4632 ± 0.0641,0.5000 ± 0.0000,0.0000 ± 0.0000,0.0000 ± 0.0000,1.0000 ± 0.0000,0.5000 ± 0.0000,1.4139 ± 0.3569,60
6_All_Combined,DT,7029.6000 ± 309.5913,1757.4000 ± 309.5913,0.5429 ± 0.0376,0.5452 ± 0.0399,0.5162 ± 0.0629,0.4597 ± 0.0660,0.6308 ± 0.0909,0.5596 ± 0.0510,0.6433 ± 0.0351,60
ACC_1_TimeDomain_Stats_XYZ,RF,7029.6000 ± 309.5913,1757.4000 ± 309.5913,0.5756 ± 0.1257,0.5991 ± 0.0892,0.4690 ± 0.1922,0.3823 ± 0.2067,0.8159 ± 0.0889,0.6574 ± 0.1285,7.4428 ± 2.1308,60
ACC_1_TimeDomain_Stats_XYZ,XGB,7029.6000 ± 309.5913,1757.4000 ± 309.5913,0.5559 ± 0.1208,0.5787 ± 0.0843,0.4610 ± 0.2019,0.3941 ± 0.2175,0.7634 ± 0.1302,0.6311 ± 0.1313,3.8629 ± 0.6526,60
ACC_1_TimeDomain_Stats_XYZ,GB,7029.6000 ± 309.5913,1757.4000 ± 309.5913,0.5769 ± 0.1337,0.6009 ± 0.1012,0.4930 ± 0.2102,0.4286 ± 0.2391,0.7731 ± 0.1200,0.6495 ± 0.1347,38.5565 ± 8.3445,60
ACC_1_TimeDomain_Stats_XYZ,LR,7029.6000 ± 309.5913,1757.4000 ± 309.5913,0.4632 ± 0.0641,0.5000 ± 0.0000,0.0000 ± 0.0000,0.0000 ± 0.0000,1.0000 ± 0.0000,0.5000 ± 0.0000,0.1593 ± 0.0041,60
ACC_1_TimeDomain_Stats_XYZ,DT,7029.6000 ± 309.5913,1757.4000 ± 309.5913,0.5098 ± 0.0737,0.5214 ± 0.0564,0.4475 ± 0.0983,0.3834 ± 0.1301,0.6595 ± 0.0662,0.5227 ± 0.0583,0.2969 ± 0.0168,60
ACC_2_PSD_Frequency_XYZ,RF,7029.6000 ± 309.5913,1757.4000 ± 309.5913,0.5936 ± 0.0733,0.6099 ± 0.0542,0.5448 ± 0.0922,0.4678 ± 0.1327,0.7520 ± 0.0795,0.6204 ± 0.0820,12.8332 ± 9.3430,60
ACC_2_PSD_Frequency_XYZ,XGB,7029.6000 ± 309.5913,1757.4000 ± 309.5913,0.5801 ± 0.0804,0.5947 ± 0.0600,0.5301 ± 0.0941,0.4536 ± 0.1255,0.7359 ± 0.0480,0.6151 ± 0.0905,9.6086 ± 8.7985,60
ACC_2_PSD_Frequency_XYZ,GB,7029.6000 ± 309.5913,1757.4000 ± 309.5913,0.5833 ± 0.0899,0.5995 ± 0.0681,0.5344 ± 0.1094,0.4627 ± 0.1512,0.7362 ± 0.0582,0.6036 ± 0.1074,44.5647 ± 7.2778,60
ACC_2_PSD_Frequency_XYZ,LR,7029.6000 ± 309.5913,1757.4000 ± 309.5913,0.4632 ± 0.0641,0.5000 ± 0.0000,0.0000 ± 0.0000,0.0000 ± 0.0000,1.0000 ± 0.0000,0.5000 ± 0.0000,0.2668 ± 0.0458,60
ACC_2_PSD_Frequency_XYZ,DT,7029.6000 ± 309.5913,1757.4000 ± 309.5913,0.5413 ± 0.0679,0.5510 ± 0.0563,0.5133 ± 0.0667,0.4582 ± 0.0977,0.6439 ± 0.0742,0.5535 ± 0.0608,0.3298 ± 0.0233,60
ACC_3_Magnitude_TimeDomain,RF,7029.6000 ± 309.5913,1757.4000 ± 309.5913,0.5752 ± 0.0255,0.5868 ± 0.0205,0.5063 ± 0.0485,0.4112 ± 0.0622,0.7624 ± 0.0734,0.6398 ± 0.0489,3.8751 ± 0.9283,60
ACC_3_Magnitude_TimeDomain,XGB,7029.6000 ± 309.5913,1757.4000 ± 309.5913,0.5982 ± 0.0441,0.6087 ± 0.0447,0.5592 ± 0.0379,0.4772 ± 0.0409,0.7402 ± 0.0913,0.6563 ± 0.0515,1.3612 ± 0.2014,60
ACC_3_Magnitude_TimeDomain,GB,7029.6000 ± 309.5913,1757.4000 ± 309.5913,0.5996 ± 0.0293,0.6085 ± 0.0340,0.5586 ± 0.0361,0.4753 ± 0.0337,0.7417 ± 0.0849,0.6403 ± 0.0305,14.4261 ± 2.6052,60
ACC_3_Magnitude_TimeDomain,LR,7029.6000 ± 309.5913,1757.4000 ± 309.5913,0.4632 ± 0.0641,0.5000 ± 0.0000,0.0000 ± 0.0000,0.0000 ± 0.0000,1.0000 ± 0.0000,0.5000 ± 0.0000,0.0402 ± 0.0021,60
ACC_3_Magnitude_TimeDomain,DT,7029.6000 ± 309.5913,1757.4000 ± 309.5913,0.5454 ± 0.0780,0.5524 ± 0.0794,0.5046 ± 0.1216,0.4434 ± 0.1189,0.6615 ± 0.0511,0.5524 ± 0.0794,0.0872 ± 0.0024,60
ACC_4_Magnitude_PSD,RF,7029.6000 ± 309.5913,1757.4000 ± 309.5913,0.5483 ± 0.0458,0.5631 ± 0.0409,0.5331 ± 0.0339,0.4867 ± 0.0792,0.6395 ± 0.1333,0.5994 ± 0.0435,5.7580 ± 1.0476,60
ACC_4_Magnitude_PSD,XGB,7029.6000 ± 309.5913,1757.4000 ± 309.5913,0.5357 ± 0.0443,0.5515 ± 0.0314,0.5027 ± 0.0593,0.4494 ± 0.1115,0.6535 ± 0.1093,0.5849 ± 0.0362,2.0172 ± 0.3210,60
ACC_4_Magnitude_PSD,GB,7029.6000 ± 309.5913,1757.4000 ± 309.5913,0.5247 ± 0.0727,0.5437 ± 0.0520,0.4776 ± 0.1051,0.4253 ± 0.1535,0.6621 ± 0.0865,0.5775 ± 0.0662,15.6752 ± 1.2229,60
ACC_4_Magnitude_PSD,LR,7029.6000 ± 309.5913,1757.4000 ± 309.5913,0.4632 ± 0.0641,0.5000 ± 0.0000,0.0000 ± 0.0000,0.0000 ± 0.0000,1.0000 ± 0.0000,0.5000 ± 0.0000,0.0622 ± 0.0070,60
ACC_4_Magnitude_PSD,DT,7029.6000 ± 309.5913,1757.4000 ± 309.5913,0.5366 ± 0.0314,0.5430 ± 0.0281,0.5363 ± 0.0451,0.5047 ± 0.0622,0.5812 ± 0.0551,0.5426 ± 0.0570,0.1030 ± 0.0067,60
ACC_5_Integrative_Magnitude,RF,7029.6000 ± 309.5913,1757.4000 ± 309.5913,0.5977 ± 0.0478,0.6138 ± 0.0251,0.5402 ± 0.0711,0.4523 ± 0.1051,0.7752 ± 0.1082,0.6589 ± 0.0295,5.9192 ± 1.8673,60
ACC_5_Integrative_Magnitude,XGB,7029.6000 ± 309.5913,1757.4000 ± 309.5913,0.6124 ± 0.0313,0.6220 ± 0.0323,0.5757 ± 0.0263,0.4929 ± 0.0346,0.7511 ± 0.0868,0.6585 ± 0.0481,2.8538 ± 0.3178,60
ACC_5_Integrative_Magnitude,GB,7029.6000 ± 309.5913,1757.4000 ± 309.5913,0.5975 ± 0.0436,0.6120 ± 0.0255,0.5544 ± 0.0536,0.4746 ± 0.0842,0.7494 ± 0.0873,0.6605 ± 0.0371,26.6977 ± 1.3000,60
ACC_5_Integrative_Magnitude,LR,7029.6000 ± 309.5913,1757.4000 ± 309.5913,0.4632 ± 0.0641,0.5000 ± 0.0000,0.0000 ± 0.0000,0.0000 ± 0.0000,1.0000 ± 0.0000,0.5000 ± 0.0000,0.1146 ± 0.0182,60
ACC_5_Integrative_Magnitude,DT,7029.6000 ± 309.5913,1757.4000 ± 309.5913,0.5896 ± 0.0515,0.5961 ± 0.0550,0.5717 ± 0.0508,0.5138 ± 0.0569,0.6783 ± 0.0994,0.5994 ± 0.0538,0.1618 ± 0.0100,60