Feature Set,Model,WindowSize,Train Samples,Test Samples,Fold Accuracy,Fold Balanced Acc,Fold F1 Score,Fold Sensitivity,Fold Specificity,Fold ROC-AUC,Train Time (s)
6_All_Combined,RF,60 Seconds,8476.0000 ± 402.9162,2119.0000 ± 402.9162,0.5876 ± 0.0789,0.5953 ± 0.0723,0.4652 ± 0.1317,0.3648 ± 0.1296,0.8258 ± 0.0988,0.6851 ± 0.1010,6.3451 ± 1.5415
6_All_Combined,XGB,60 Seconds,8476.0000 ± 402.9162,2119.0000 ± 402.9162,0.5808 ± 0.1018,0.5831 ± 0.0985,0.5078 ± 0.1456,0.4353 ± 0.1388,0.7309 ± 0.1088,0.6556 ± 0.1265,3699.5760 ± 824.7480
6_All_Combined,GB,60 Seconds,8476.0000 ± 402.9162,2119.0000 ± 402.9162,0.6002 ± 0.1418,0.6043 ± 0.1390,0.5342 ± 0.1862,0.4620 ± 0.1705,0.7465 ± 0.1232,0.6624 ± 0.1690,45.2734 ± 6.8194
6_All_Combined,LR,60 Seconds,8476.0000 ± 402.9162,2119.0000 ± 402.9162,0.4897 ± 0.0482,0.5000 ± 0.0000,0.0000 ± 0.0000,0.0000 ± 0.0000,1.0000 ± 0.0000,0.5000 ± 0.0000,0.7580 ± 0.2370
6_All_Combined,DT,60 Seconds,8476.0000 ± 402.9162,2119.0000 ± 402.9162,0.5312 ± 0.0609,0.5371 ± 0.0504,0.4627 ± 0.0380,0.4010 ± 0.0904,0.6732 ± 0.1462,0.5323 ± 0.0489,0.3179 ± 0.0114
HR_1_TimeDomain_Stats,GB,60 Seconds,8476.0000 ± 402.9162,2119.0000 ± 402.9162,0.5309 ± 0.0194,0.5377 ± 0.0224,0.4673 ± 0.0425,0.4098 ± 0.0816,0.6657 ± 0.0792,0.5661 ± 0.0270,18.8310 ± 2.4576
HR_1_TimeDomain_Stats,RF,60 Seconds,8476.0000 ± 402.9162,2119.0000 ± 402.9162,0.5443 ± 0.0387,0.5521 ± 0.0266,0.4818 ± 0.0631,0.4255 ± 0.1069,0.6786 ± 0.0583,0.5684 ± 0.0522,6.5756 ± 2.3604
HR_1_TimeDomain_Stats,XGB,60 Seconds,8476.0000 ± 402.9162,2119.0000 ± 402.9162,0.5487 ± 0.0446,0.5560 ± 0.0379,0.4915 ± 0.0799,0.4411 ± 0.1267,0.6708 ± 0.0615,0.5833 ± 0.0375,2.0417 ± 0.9095
HR_1_TimeDomain_Stats,LR,60 Seconds,8476.0000 ± 402.9162,2119.0000 ± 402.9162,0.4897 ± 0.0482,0.5000 ± 0.0000,0.0000 ± 0.0000,0.0000 ± 0.0000,1.0000 ± 0.0000,0.5002 ± 0.0004,0.0524 ± 0.0044
HR_1_TimeDomain_Stats,DT,60 Seconds,8476.0000 ± 402.9162,2119.0000 ± 402.9162,0.5200 ± 0.0410,0.5234 ± 0.0396,0.4858 ± 0.0581,0.4496 ± 0.0785,0.5971 ± 0.0300,0.5251 ± 0.0462,0.1294 ± 0.0108
HR_2_HRV_Proxies,GB,60 Seconds,8476.0000 ± 402.9162,2119.0000 ± 402.9162,0.5420 ± 0.1590,0.5443 ± 0.1617,0.4674 ± 0.1919,0.4004 ± 0.1670,0.6882 ± 0.1590,0.5758 ± 0.1920,10.1878 ± 2.3848
HR_2_HRV_Proxies,RF,60 Seconds,8476.0000 ± 402.9162,2119.0000 ± 402.9162,0.5753 ± 0.1144,0.5764 ± 0.1139,0.5124 ± 0.1526,0.4500 ± 0.1515,0.7027 ± 0.0855,0.5955 ± 0.1611,3.3883 ± 1.1199
HR_2_HRV_Proxies,XGB,60 Seconds,8476.0000 ± 402.9162,2119.0000 ± 402.9162,0.5423 ± 0.1204,0.5363 ± 0.1149,0.4720 ± 0.1650,0.4163 ± 0.1821,0.6563 ± 0.1697,0.5539 ± 0.1287,0.6474 ± 0.1255
HR_2_HRV_Proxies,LR,60 Seconds,8476.0000 ± 402.9162,2119.0000 ± 402.9162,0.4897 ± 0.0482,0.5000 ± 0.0000,0.0000 ± 0.0000,0.0000 ± 0.0000,1.0000 ± 0.0000,0.5000 ± 0.0000,0.1378 ± 0.0511
HR_2_HRV_Proxies,DT,60Seconds,8476.0000 ± 402.9162,2119.0000 ± 402.9162,0.5588 ± 0.1379,0.5601 ± 0.1402,0.4879 ± 0.1636,0.4175 ± 0.1441,0.7027 ± 0.1434,0.5596 ± 0.1396,0.0682 ± 0.0186
HR_3_Temporal_Dynamics,GB,60Seconds,8476.0000 ± 402.9162,2119.0000 ± 402.9162,0.4905 ± 0.0334,0.4947 ± 0.0295,0.4356 ± 0.0432,0.3885 ± 0.0537,0.6009 ± 0.0386,0.4975 ± 0.0509,14.7609 ± 2.6041
HR_3_Temporal_Dynamics,RF,60Seconds,8476.0000 ± 402.9162,2119.0000 ± 402.9162,0.5134 ± 0.0492,0.5168 ± 0.0401,0.4566 ± 0.0523,0.4038 ± 0.0618,0.6298 ± 0.0195,0.5180 ± 0.0516,6.0358 ± 1.6597
HR_3_Temporal_Dynamics,XGB,60Seconds,8476.0000 ± 402.9162,2119.0000 ± 402.9162,0.5200 ± 0.0519,0.5219 ± 0.0466,0.4692 ± 0.0572,0.4181 ± 0.0590,0.6258 ± 0.0413,0.5236 ± 0.0612,2.0000 ± 0.8109
HR_3_Temporal_Dynamics,LR,60Seconds,8476.0000 ± 402.9162,2119.0000 ± 402.9162,0.4897 ± 0.0482,0.5000 ± 0.0000,0.0000 ± 0.0000,0.0000 ± 0.0000,1.0000 ± 0.0000,0.5000 ± 0.0000,0.0391 ± 0.0001
HR_3_Temporal_Dynamics,DT,60Seconds,8476.0000 ± 402.9162,2119.0000 ± 402.9162,0.4903 ± 0.0265,0.4921 ± 0.0251,0.4760 ± 0.0162,0.4555 ± 0.0300,0.5287 ± 0.0359,0.4989 ± 0.0290,0.1025 ± 0.0061
HR_4_Contextual_Baseline,GB,60Seconds,8476.0000 ± 402.9162,2119.0000 ± 402.9162,0.4931 ± 0.0273,0.4956 ± 0.0245,0.4706 ± 0.0300,0.4440 ± 0.0410,0.5473 ± 0.0316,0.4936 ± 0.0365,12.0533 ± 0.4589
HR_4_Contextual_Baseline,RF,60Seconds,8476.0000 ± 402.9162,2119.0000 ± 402.9162,0.4914 ± 0.0254,0.4934 ± 0.0240,0.4583 ± 0.0361,0.4239 ± 0.0416,0.5628 ± 0.0278,0.4948 ± 0.0381,3.1198 ± 0.6998
HR_4_Contextual_Baseline,XGB,60Seconds,8476.0000 ± 402.9162,2119.0000 ± 402.9162,0.4948 ± 0.0285,0.4961 ± 0.0264,0.4688 ± 0.0324,0.4390 ± 0.0389,0.5532 ± 0.0325,0.4913 ± 0.0320,0.9055 ± 0.0145
HR_4_Contextual_Baseline,LR,60Seconds,8476.0000 ± 402.9162,2119.0000 ± 402.9162,0.5154 ± 0.0265,0.5044 ± 0.0064,0.2138 ± 0.2927,0.2030 ± 0.2782,0.8058 ± 0.2660,0.5013 ± 0.0018,0.0390 ± 0.0001
HR_4_Contextual_Baseline,DT,60Seconds,8476.0000 ± 402.9162,2119.0000 ± 402.9162,0.4956 ± 0.0177,0.4960 ± 0.0153,0.4656 ± 0.0402,0.4337 ± 0.0481,0.5583 ± 0.0321,0.4958 ± 0.0153,0.0762 ± 0.0043
HR_5_HR_Zones,GB,60Seconds,8476.0000 ± 402.9162,2119.0000 ± 402.9162,0.5759 ± 0.0213,0.5816 ± 0.0231,0.5168 ± 0.0512,0.4511 ± 0.0779,0.7120 ± 0.0624,0.6034 ± 0.0284,5.4615 ± 0.5352
HR_5_HR_Zones,RF,60Seconds,8476.0000 ± 402.9162,2119.0000 ± 402.9162,0.5756 ± 0.0646,0.5790 ± 0.0565,0.5085 ± 0.1088,0.4436 ± 0.1247,0.7144 ± 0.0787,0.5962 ± 0.0773,1.2648 ± 0.0957
HR_5_HR_Zones,XGB,60Seconds,8476.0000 ± 402.9162,2119.0000 ± 402.9162,0.5433 ± 0.1398,0.5488 ± 0.1393,0.4606 ± 0.1778,0.3932 ± 0.1819,0.7045 ± 0.1334,0.5723 ± 0.1668,0.5722 ± 0.0770
HR_5_HR_Zones,LR,60Seconds,8476.0000 ± 402.9162,2119.0000 ± 402.9162,0.4577 ± 0.0151,0.5000 ± 0.0000,0.2521 ± 0.3452,0.4000 ± 0.5477,0.6000 ± 0.5477,0.4999 ± 0.0002,0.0567 ± 0.0080
HR_5_HR_Zones,DT,60Seconds,8476.0000 ± 402.9162,2119.0000 ± 402.9162,0.5197 ± 0.0572,0.5237 ± 0.0520,0.4512 ± 0.0171,0.3888 ± 0.0537,0.6585 ± 0.1542,0.5302 ± 0.0565,0.0462 ± 0.0009
6_All_Combined,RF,30Seconds,17601.6000 ± 724.5024,4400.4000 ± 724.5024,0.5277 ± 0.0568,0.5391 ± 0.0577,0.3613 ± 0.1157,0.2676 ± 0.1026,0.8105 ± 0.0944,0.6032 ± 0.1197,15.7831 ± 3.0644
6_All_Combined,XGB,30Seconds,17601.6000 ± 724.5024,4400.4000 ± 724.5024,0.5610 ± 0.1757,0.5667 ± 0.1749,0.4973 ± 0.2239,0.4340 ± 0.2055,0.6993 ± 0.1463,0.5931 ± 0.2298,4048.2729 ± 930.4112
6_All_Combined,GB,30Seconds,17601.6000 ± 724.5024,4400.4000 ± 724.5024,0.4898 ± 0.1414,0.4952 ± 0.1465,0.3788 ± 0.1812,0.3059 ± 0.1576,0.6844 ± 0.1704,0.5789 ± 0.2114,85.3244 ± 8.6556
6_All_Combined,LR,30Seconds,17601.6000 ± 724.5024,4400.4000 ± 724.5024,0.4832 ± 0.0420,0.5000 ± 0.0000,0.0000 ± 0.0000,0.0000 ± 0.0000,1.0000 ± 0.0000,0.5000 ± 0.0000,0.6685 ± 0.1252
6_All_Combined,DT,30Seconds,17601.6000 ± 724.5024,4400.4000 ± 724.5024,0.4948 ± 0.0984,0.4994 ± 0.1042,0.3634 ± 0.1627,0.2858 ± 0.1361,0.7129 ± 0.0868,0.4994 ± 0.1042,0.4980 ± 0.0296
HR_1_TimeDomain_Stats,RF,30Seconds,17601.6000 ± 724.5024,4400.4000 ± 724.5024,0.5134 ± 0.0253,0.5241 ± 0.0134,0.4028 ± 0.0471,0.3226 ± 0.0640,0.7256 ± 0.0610,0.5296 ± 0.0279,14.4674 ± 3.3805
HR_1_TimeDomain_Stats,XGB,30Seconds,17601.6000 ± 724.5024,4400.4000 ± 724.5024,0.4793 ± 0.0239,0.4859 ± 0.0124,0.3984 ± 0.0237,0.3357 ± 0.0385,0.6361 ± 0.0271,0.4733 ± 0.0167,2.4591 ± 0.2052
HR_1_TimeDomain_Stats,GB,30Seconds,17601.6000 ± 724.5024,4400.4000 ± 724.5024,0.4909 ± 0.0312,0.4979 ± 0.0343,0.4080 ± 0.0493,0.3417 ± 0.0513,0.6540 ± 0.0416,0.5005 ± 0.0566,43.5669 ± 8.3684
HR_1_TimeDomain_Stats,LR,30Seconds,17601.6000 ± 724.5024,4400.4000 ± 724.5024,0.4774 ± 0.0361,0.4988 ± 0.0027,0.0893 ± 0.1997,0.0856 ± 0.1914,0.9120 ± 0.1968,0.4985 ± 0.0035,0.2298 ± 0.0953
HR_1_TimeDomain_Stats,DT,30Seconds,17601.6000 ± 724.5024,4400.4000 ± 724.5024,0.5110 ± 0.0356,0.5139 ± 0.0395,0.4696 ± 0.0622,0.4210 ± 0.0541,0.6069 ± 0.0309,0.5175 ± 0.0404,0.3563 ± 0.0211
HR_2_HRV_Proxies,RF,30Seconds,17601.6000 ± 724.5024,4400.4000 ± 724.5024,0.4841 ± 0.0743,0.4915 ± 0.0830,0.3389 ± 0.1134,0.2621 ± 0.1013,0.7208 ± 0.1672,0.4954 ± 0.1397,6.2227 ± 2.0058
HR_2_HRV_Proxies,XGB,30Seconds,17601.6000 ± 724.5024,4400.4000 ± 724.5024,0.5714 ± 0.1634,0.5733 ± 0.1583,0.5236 ± 0.1529,0.4483 ± 0.1377,0.6982 ± 0.2143,0.5861 ± 0.2124,4.8261 ± 8.8390
HR_2_HRV_Proxies,GB,30Seconds,17601.6000 ± 724.5024,4400.4000 ± 724.5024,0.4819 ± 0.0962,0.4915 ± 0.1035,0.3472 ± 0.1483,0.2757 ± 0.1379,0.7073 ± 0.1614,0.5165 ± 0.1491,15.5105 ± 3.4547
HR_2_HRV_Proxies,LR,30Seconds,17601.6000 ± 724.5024,4400.4000 ± 724.5024,0.4858 ± 0.0153,0.4952 ± 0.0110,0.3580 ± 0.2021,0.3230 ± 0.1813,0.6675 ± 0.1861,0.4949 ± 0.0116,0.0982 ± 0.0056
HR_2_HRV_Proxies,DT,30Seconds,17601.6000 ± 724.5024,4400.4000 ± 724.5024,0.4827 ± 0.1058,0.4928 ± 0.1122,0.3453 ± 0.1511,0.2720 ± 0.1383,0.7136 ± 0.1766,0.4925 ± 0.1127,0.0847 ± 0.0049
HR_3_Temporal_Dynamics,RF,30Seconds,17601.6000 ± 724.5024,4400.4000 ± 724.5024,0.5192 ± 0.0453,0.5260 ± 0.0376,0.4443 ± 0.0408,0.3733 ± 0.0464,0.6788 ± 0.0454,0.5351 ± 0.0559,10.3262 ± 2.1404
HR_3_Temporal_Dynamics,XGB,30Seconds,17601.6000 ± 724.5024,4400.4000 ± 724.5024,0.5061 ± 0.0328,0.5110 ± 0.0275,0.4525 ± 0.0292,0.3964 ± 0.0356,0.6257 ± 0.0296,0.5109 ± 0.0415,1.8003 ± 0.1255
HR_3_Temporal_Dynamics,GB,30Seconds,17601.6000 ± 724.5024,4400.4000 ± 724.5024,0.5016 ± 0.0424,0.5087 ± 0.0295,0.4429 ± 0.0636,0.3903 ± 0.0850,0.6272 ± 0.0365,0.5023 ± 0.0362,30.3797 ± 6.0815
HR_3_Temporal_Dynamics,LR,30Seconds,17601.6000 ± 724.5024,4400.4000 ± 724.5024,0.4739 ± 0.0356,0.5000 ± 0.0000,0.1291 ± 0.2888,0.2000 ± 0.4472,0.8000 ± 0.4472,0.5000 ± 0.0000,4.0704 ± 8.9553
HR_3_Temporal_Dynamics,DT,30Seconds,17601.6000 ± 724.5024,4400.4000 ± 724.5024,0.5171 ± 0.0311,0.5205 ± 0.0267,0.4849 ± 0.0234,0.4414 ± 0.0385,0.5997 ± 0.0387,0.5210 ± 0.0304,0.2084 ± 0.0137
HR_4_Contextual_Baseline,RF,30Seconds,17601.6000 ± 724.5024,4400.4000 ± 724.5024,0.4887 ± 0.0258,0.4957 ± 0.0272,0.4276 ± 0.0444,0.3735 ± 0.0656,0.6179 ± 0.0619,0.5023 ± 0.0279,6.2319 ± 2.0950
HR_4_Contextual_Baseline,XGB,30Seconds,17601.6000 ± 724.5024,4400.4000 ± 724.5024,0.4914 ± 0.0188,0.4972 ± 0.0241,0.4473 ± 0.0363,0.4011 ± 0.0500,0.5932 ± 0.0569,0.4968 ± 0.0290,1.3858 ± 0.1073
HR_4_Contextual_Baseline,GB,30Seconds,17601.6000 ± 724.5024,4400.4000 ± 724.5024,0.4985 ± 0.0157,0.5052 ± 0.0181,0.4587 ± 0.0270,0.4149 ± 0.0577,0.5955 ± 0.0732,0.5014 ± 0.0273,23.0503 ± 0.8364
HR_4_Contextual_Baseline,LR,30Seconds,17601.6000 ± 724.5024,4400.4000 ± 724.5024,0.4813 ± 0.0398,0.5035 ± 0.0077,0.1008 ± 0.2253,0.1035 ± 0.2314,0.9034 ± 0.2160,0.4990 ± 0.0023,0.0549 ± 0.0067
HR_4_Contextual_Baseline,DT,30Seconds,17601.6000 ± 724.5024,4400.4000 ± 724.5024,0.4896 ± 0.0104,0.4941 ± 0.0101,0.4533 ± 0.0216,0.4117 ± 0.0388,0.5765 ± 0.0339,0.4966 ± 0.0092,0.1400 ± 0.0138
HR_5_HR_Zones,RF,30Seconds,17601.6000 ± 724.5024,4400.4000 ± 724.5024,0.5205 ± 0.0857,0.5270 ± 0.0830,0.4054 ± 0.1575,0.3351 ± 0.1643,0.7188 ± 0.0589,0.5461 ± 0.1331,1.9241 ± 0.1123
HR_5_HR_Zones,XGB,30Seconds,17601.6000 ± 724.5024,4400.4000 ± 724.5024,0.4904 ± 0.0830,0.4971 ± 0.0843,0.4027 ± 0.1469,0.3482 ± 0.1586,0.6460 ± 0.0668,0.5043 ± 0.1373,0.9816 ± 0.1142
HR_5_HR_Zones,GB,30Seconds,17601.6000 ± 724.5024,4400.4000 ± 724.5024,0.5250 ± 0.0974,0.5314 ± 0.0946,0.4466 ± 0.1499,0.3898 ± 0.1715,0.6730 ± 0.0790,0.5648 ± 0.1250,11.9871 ± 5.9987
HR_5_HR_Zones,LR,30Seconds,17601.6000 ± 724.5024,4400.4000 ± 724.5024,0.4638 ± 0.0213,0.5005 ± 0.0012,0.2579 ± 0.3532,0.4000 ± 0.5477,0.6010 ± 0.5463,0.5000 ± 0.0000,0.5624 ± 0.8581
HR_5_HR_Zones,DT,30Seconds,17601.6000 ± 724.5024,4400.4000 ± 724.5024,0.5263 ± 0.1109,0.5319 ± 0.1118,0.4658 ± 0.1582,0.4145 ± 0.1737,0.6493 ± 0.0617,0.5322 ± 0.1074,0.1637 ± 0.0043
6_All_Combined,RF,10Seconds,60603.2000 ± 820.0388,15150.8000 ± 820.0388,0.4817 ± 0.0704,0.5062 ± 0.0454,0.2919 ± 0.1392,0.2215 ± 0.1154,0.7909 ± 0.1008,0.5597 ± 0.0857,42.2088 ± 12.3874
6_All_Combined,XGB,10Seconds,60603.2000 ± 820.0388,15150.8000 ± 820.0388,0.4959 ± 0.1231,0.5144 ± 0.1073,0.3586 ± 0.2091,0.3015 ± 0.1945,0.7274 ± 0.1259,0.5553 ± 0.1638,7.0624 ± 1.1669
6_All_Combined,GB,10Seconds,60603.2000 ± 820.0388,15150.8000 ± 820.0388,0.4418 ± 0.1703,0.4591 ± 0.1441,0.3049 ± 0.2666,0.2866 ± 0.2604,0.6316 ± 0.2046,0.4909 ± 0.1961,247.7651 ± 33.0365
6_All_Combined,LR,10Seconds,60603.2000 ± 820.0388,15150.8000 ± 820.0388,0.4781 ± 0.0912,0.5000 ± 0.0000,0.0000 ± 0.0000,0.0000 ± 0.0000,1.0000 ± 0.0000,0.5000 ± 0.0000,4.2585 ± 1.7686
6_All_Combined,DT,10Seconds,60603.2000 ± 820.0388,15150.8000 ± 820.0388,0.5068 ± 0.1044,0.5150 ± 0.0605,0.3639 ± 0.1527,0.2895 ± 0.1445,0.7404 ± 0.0969,0.5150 ± 0.0605,1.2587 ± 0.1014
HR_1_TimeDomain_Stats,RF,10Seconds,60603.2000 ± 820.0388,15150.8000 ± 820.0388,0.4740 ± 0.0470,0.4899 ± 0.0329,0.3200 ± 0.0728,0.2451 ± 0.0795,0.7348 ± 0.0534,0.5040 ± 0.0670,34.4522 ± 6.9059
HR_1_TimeDomain_Stats,XGB,10Seconds,60603.2000 ± 820.0388,15150.8000 ± 820.0388,0.4888 ± 0.0766,0.4961 ± 0.0696,0.3971 ± 0.1251,0.3345 ± 0.1150,0.6578 ± 0.0624,0.4944 ± 0.1028,4.6390 ± 0.4889
HR_1_TimeDomain_Stats,GB,10Seconds,60603.2000 ± 820.0388,15150.8000 ± 820.0388,0.4834 ± 0.0532,0.4922 ± 0.0632,0.3987 ± 0.0799,0.3314 ± 0.0503,0.6530 ± 0.0866,0.4861 ± 0.1001,100.5822 ± 12.4207
HR_1_TimeDomain_Stats,LR,10Seconds,60603.2000 ± 820.0388,15150.8000 ± 820.0388,0.4781 ± 0.0912,0.5000 ± 0.0000,0.0000 ± 0.0000,0.0000 ± 0.0000,1.0000 ± 0.0000,0.5000 ± 0.0000,0.8340 ± 0.1443
HR_1_TimeDomain_Stats,DT,10Seconds,60603.2000 ± 820.0388,15150.8000 ± 820.0388,0.4981 ± 0.0799,0.5076 ± 0.0824,0.4271 ± 0.1180,0.3721 ± 0.1330,0.6431 ± 0.0833,0.5104 ± 0.0838,4.6201 ± 8.9296
HR_2_HRV_Proxies,RF,10Seconds,60603.2000 ± 820.0388,15150.8000 ± 820.0388,0.4670 ± 0.1659,0.4785 ± 0.1339,0.3240 ± 0.2275,0.2915 ± 0.2560,0.6655 ± 0.2384,0.4915 ± 0.1270,10.2295 ± 1.6263
HR_2_HRV_Proxies,XGB,10Seconds,60603.2000 ± 820.0388,15150.8000 ± 820.0388,0.4836 ± 0.1326,0.4885 ± 0.0831,0.3344 ± 0.1798,0.2712 ± 0.1677,0.7059 ± 0.1453,0.5583 ± 0.1487,1.6351 ± 0.2579
HR_2_HRV_Proxies,GB,10Seconds,60603.2000 ± 820.0388,15150.8000 ± 820.0388,0.4593 ± 0.1795,0.4736 ± 0.1462,0.3330 ± 0.2585,0.3304 ± 0.3298,0.6169 ± 0.2906,0.4892 ± 0.1632,25.6375 ± 2.8883
HR_2_HRV_Proxies,LR,10Seconds,60603.2000 ± 820.0388,15150.8000 ± 820.0388,0.4787 ± 0.0908,0.4957 ± 0.0097,0.0415 ± 0.0927,0.0260 ± 0.0582,0.9653 ± 0.0775,0.4953 ± 0.0105,0.2644 ± 0.0184
HR_2_HRV_Proxies,DT,10Seconds,60603.2000 ± 820.0388,15150.8000 ± 820.0388,0.4575 ± 0.1825,0.4711 ± 0.1509,0.3368 ± 0.2506,0.3309 ± 0.3282,0.6113 ± 0.2858,0.4766 ± 0.1384,0.2656 ± 0.0087
HR_3_Temporal_Dynamics,RF,10Seconds,60603.2000 ± 820.0388,15150.8000 ± 820.0388,0.5136 ± 0.0365,0.5287 ± 0.0112,0.3964 ± 0.0376,0.3125 ± 0.0536,0.7449 ± 0.0517,0.5405 ± 0.0269,38.4182 ± 6.0082
HR_3_Temporal_Dynamics,XGB,10Seconds,60603.2000 ± 820.0388,15150.8000 ± 820.0388,0.5130 ± 0.0215,0.5250 ± 0.0239,0.4442 ± 0.0419,0.3792 ± 0.0429,0.6708 ± 0.0622,0.5439 ± 0.0380,3.8728 ± 0.0950
HR_3_Temporal_Dynamics,GB,10Seconds,60603.2000 ± 820.0388,15150.8000 ± 820.0388,0.5202 ± 0.0275,0.5339 ± 0.0177,0.4591 ± 0.0220,0.3978 ± 0.0563,0.6699 ± 0.0692,0.5545 ± 0.0249,99.6039 ± 1.3428
HR_3_Temporal_Dynamics,LR,10Seconds,60603.2000 ± 820.0388,15150.8000 ± 820.0388,0.4781 ± 0.0912,0.5000 ± 0.0000,0.0000 ± 0.0000,0.0000 ± 0.0000,1.0000 ± 0.0000,0.5000 ± 0.0000,0.2797 ± 0.0250
HR_3_Temporal_Dynamics,DT,10Seconds,60603.2000 ± 820.0388,15150.8000 ± 820.0388,0.5147 ± 0.0351,0.5204 ± 0.0249,0.4603 ± 0.0602,0.4039 ± 0.0598,0.6369 ± 0.0120,0.5173 ± 0.0243,0.6254 ± 0.0404
HR_4_Contextual_Baseline,RF,10Seconds,60603.2000 ± 820.0388,15150.8000 ± 820.0388,0.4834 ± 0.0381,0.4983 ± 0.0152,0.3486 ± 0.0175,0.2693 ± 0.0344,0.7273 ± 0.0577,0.5014 ± 0.0194,17.4050 ± 3.6687
HR_4_Contextual_Baseline,XGB,10Seconds,60603.2000 ± 820.0388,15150.8000 ± 820.0388,0.4911 ± 0.0186,0.5000 ± 0.0152,0.4311 ± 0.0303,0.3746 ± 0.0266,0.6255 ± 0.0536,0.5005 ± 0.0224,2.9213 ± 0.1922
HR_4_Contextual_Baseline,GB,10Seconds,60603.2000 ± 820.0388,15150.8000 ± 820.0388,0.4975 ± 0.0244,0.5095 ± 0.0176,0.4353 ± 0.0285,0.3778 ± 0.0466,0.6413 ± 0.0548,0.5172 ± 0.0224,59.2186 ± 1.0613
HR_4_Contextual_Baseline,LR,10Seconds,60603.2000 ± 820.0388,15150.8000 ± 820.0388,0.4781 ± 0.0912,0.5000 ± 0.0000,0.0000 ± 0.0000,0.0000 ± 0.0000,1.0000 ± 0.0000,0.5000 ± 0.0000,0.2399 ± 0.0049
HR_4_Contextual_Baseline,DT,10Seconds,60603.2000 ± 820.0388,15150.8000 ± 820.0388,0.4856 ± 0.0257,0.4932 ± 0.0101,0.4145 ± 0.0335,0.3533 ± 0.0234,0.6330 ± 0.0270,0.4919 ± 0.0118,0.4183 ± 0.0262
HR_5_HR_Zones,RF,10Seconds,60603.2000 ± 820.0388,15150.8000 ± 820.0388,0.4641 ± 0.0803,0.4891 ± 0.0785,0.3331 ± 0.0798,0.2652 ± 0.0912,0.7129 ± 0.1660,0.5950 ± 0.2125,6.0939 ± 1.6552
HR_5_HR_Zones,XGB,10Seconds,60603.2000 ± 820.0388,15150.8000 ± 820.0388,0.5662 ± 0.1197,0.5801 ± 0.1319,0.5070 ± 0.1755,0.4440 ± 0.1662,0.7163 ± 0.1495,0.5802 ± 0.2254,2.4427 ± 0.0913
HR_5_HR_Zones,GB,10Seconds,60603.2000 ± 820.0388,15150.8000 ± 820.0388,0.5123 ± 0.1015,0.5317 ± 0.1182,0.4399 ± 0.1440,0.3775 ± 0.1203,0.6859 ± 0.1885,0.5246 ± 0.1412,17.1227 ± 3.6328
HR_5_HR_Zones,LR,10Seconds,60603.2000 ± 820.0388,15150.8000 ± 820.0388,0.4781 ± 0.0912,0.5000 ± 0.0000,0.0000 ± 0.0000,0.0000 ± 0.0000,1.0000 ± 0.0000,0.5000 ± 0.0000,0.3900 ± 0.0503
HR_5_HR_Zones,DT,10Seconds,60603.2000 ± 820.0388,15150.8000 ± 820.0388,0.5151 ± 0.1455,0.5270 ± 0.1375,0.3894 ± 0.2352,0.3379 ± 0.2455,0.7162 ± 0.1254,0.5270 ± 0.1375,0.2876 ± 0.0046
6_All_Combined,RF,5Seconds,124931.2000 ± 5519.4431,31232.8000 ± 5519.4431,0.4869 ± 0.1285,0.4993 ± 0.1303,0.2783 ± 0.1609,0.1952 ± 0.1150,0.8034 ± 0.2035,0.5555 ± 0.2097,62.0491 ± 19.6661
6_All_Combined,XGB,5Seconds,124931.2000 ± 5519.4431,31232.8000 ± 5519.4431,0.5833 ± 0.1204,0.5870 ± 0.1095,0.5020 ± 0.1777,0.4456 ± 0.2462,0.7284 ± 0.1762,0.6172 ± 0.1489,9.6770 ± 0.8952
6_All_Combined,GB,5Seconds,124931.2000 ± 5519.4431,31232.8000 ± 5519.4431,0.5326 ± 0.1482,0.5335 ± 0.1531,0.3882 ± 0.2690,0.3331 ± 0.2375,0.7339 ± 0.1970,0.6237 ± 0.2315,377.7790 ± 32.3096
6_All_Combined,LR,5Seconds,124931.2000 ± 5519.4431,31232.8000 ± 5519.4431,0.4870 ± 0.0439,0.5000 ± 0.0000,0.0000 ± 0.0000,0.0000 ± 0.0000,1.0000 ± 0.0000,0.5000 ± 0.0000,16.6583 ± 6.6410
6_All_Combined,DT,5Seconds,124931.2000 ± 5519.4431,31232.8000 ± 5519.4431,0.5536 ± 0.0858,0.5566 ± 0.0886,0.4502 ± 0.1296,0.3670 ± 0.1289,0.7462 ± 0.1253,0.5562 ± 0.0888,6.3096 ± 8.7864
HR_1_TimeDomain_Stats,RF,5Seconds,124931.2000 ± 5519.4431,31232.8000 ± 5519.4431,0.5321 ± 0.0640,0.5449 ± 0.0671,0.4196 ± 0.1056,0.3464 ± 0.1545,0.7434 ± 0.1267,0.5798 ± 0.0786,35.9638 ± 2.8707
HR_1_TimeDomain_Stats,XGB,5Seconds,124931.2000 ± 5519.4431,31232.8000 ± 5519.4431,0.5654 ± 0.0723,0.5710 ± 0.0751,0.5154 ± 0.0964,0.4583 ± 0.1179,0.6838 ± 0.0875,0.6066 ± 0.1159,6.5781 ± 1.1602
HR_1_TimeDomain_Stats,GB,5Seconds,124931.2000 ± 5519.4431,31232.8000 ± 5519.4431,0.5476 ± 0.0658,0.5550 ± 0.0650,0.4831 ± 0.0714,0.4175 ± 0.0977,0.6925 ± 0.1039,0.5802 ± 0.0936,142.7117 ± 5.3096
HR_1_TimeDomain_Stats,LR,5Seconds,124931.2000 ± 5519.4431,31232.8000 ± 5519.4431,0.4870 ± 0.0439,0.5000 ± 0.0000,0.0000 ± 0.0000,0.0000 ± 0.0000,1.0000 ± 0.0000,0.5000 ± 0.0000,5.4805 ± 2.5573
HR_1_TimeDomain_Stats,DT,5Seconds,124931.2000 ± 5519.4431,31232.8000 ± 5519.4431,0.5272 ± 0.0543,0.5346 ± 0.0553,0.4607 ± 0.0894,0.4036 ± 0.1158,0.6656 ± 0.0730,0.5274 ± 0.0616,0.9945 ± 0.0701
HR_2_HRV_Proxies,RF,5Seconds,124931.2000 ± 5519.4431,31232.8000 ± 5519.4431,0.5241 ± 0.0947,0.5284 ± 0.1009,0.4102 ± 0.1289,0.3298 ± 0.1139,0.7270 ± 0.1668,0.5480 ± 0.1382,13.5758 ± 2.8194
HR_2_HRV_Proxies,XGB,5Seconds,124931.2000 ± 5519.4431,31232.8000 ± 5519.4431,0.5569 ± 0.1233,0.5570 ± 0.1086,0.4388 ± 0.2500,0.4059 ± 0.3127,0.7082 ± 0.1684,0.5831 ± 0.0964,3.1605 ± 0.4707
HR_2_HRV_Proxies,GB,5Seconds,124931.2000 ± 5519.4431,31232.8000 ± 5519.4431,0.5013 ± 0.1331,0.5031 ± 0.1367,0.3385 ± 0.2289,0.2734 ± 0.1847,0.7329 ± 0.1950,0.5685 ± 0.1216,32.2052 ± 2.2637
HR_2_HRV_Proxies,LR,5Seconds,124931.2000 ± 5519.4431,31232.8000 ± 5519.4431,0.5137 ± 0.0492,0.5058 ± 0.0129,0.1412 ± 0.3158,0.1829 ± 0.4090,0.8286 ± 0.3833,0.5045 ± 0.0100,1.0810 ± 0.4434
HR_2_HRV_Proxies,DT,5Seconds,124931.2000 ± 5519.4431,31232.8000 ± 5519.4431,0.5078 ± 0.1312,0.5090 ± 0.1362,0.3501 ± 0.2363,0.2857 ± 0.1897,0.7324 ± 0.1925,0.5245 ± 0.1658,0.3645 ± 0.0170
HR_3_Temporal_Dynamics,RF,5Seconds,124931.2000 ± 5519.4431,31232.8000 ± 5519.4431,0.5035 ± 0.0708,0.5114 ± 0.0525,0.3286 ± 0.0862,0.2398 ± 0.0716,0.7829 ± 0.0394,0.5341 ± 0.0819,60.5340 ± 12.9367
HR_3_Temporal_Dynamics,XGB,5Seconds,124931.2000 ± 5519.4431,31232.8000 ± 5519.4431,0.5024 ± 0.1216,0.5081 ± 0.1070,0.4047 ± 0.1371,0.3363 ± 0.1340,0.6800 ± 0.0908,0.5143 ± 0.1629,6.3364 ± 0.5336
HR_3_Temporal_Dynamics,GB,5Seconds,124931.2000 ± 5519.4431,31232.8000 ± 5519.4431,0.5175 ± 0.0868,0.5237 ± 0.0735,0.4255 ± 0.0958,0.3534 ± 0.1039,0.6941 ± 0.0596,0.5260 ± 0.0981,164.3705 ± 24.2314
HR_3_Temporal_Dynamics,LR,5Seconds,124931.2000 ± 5519.4431,31232.8000 ± 5519.4431,0.4870 ± 0.0439,0.5000 ± 0.0000,0.0000 ± 0.0000,0.0000 ± 0.0000,1.0000 ± 0.0000,0.5000 ± 0.0000,0.6134 ± 0.0545
HR_3_Temporal_Dynamics,DT,5Seconds,124931.2000 ± 5519.4431,31232.8000 ± 5519.4431,0.5286 ± 0.0865,0.5334 ± 0.0734,0.4522 ± 0.0813,0.3807 ± 0.0824,0.6861 ± 0.0740,0.5324 ± 0.0738,0.9328 ± 0.0277
HR_4_Contextual_Baseline,RF,5Seconds,124931.2000 ± 5519.4431,31232.8000 ± 5519.4431,0.5275 ± 0.0292,0.5333 ± 0.0205,0.3838 ± 0.0514,0.2891 ± 0.0471,0.7775 ± 0.0246,0.5537 ± 0.0406,28.6390 ± 2.8522
HR_4_Contextual_Baseline,XGB,5Seconds,124931.2000 ± 5519.4431,31232.8000 ± 5519.4431,0.5340 ± 0.0247,0.5371 ± 0.0295,0.4628 ± 0.0542,0.3934 ± 0.0446,0.6808 ± 0.0183,0.5449 ± 0.0325,4.5163 ± 0.1720
HR_4_Contextual_Baseline,GB,5Seconds,124931.2000 ± 5519.4431,31232.8000 ± 5519.4431,0.5107 ± 0.0504,0.5125 ± 0.0520,0.4220 ± 0.0992,0.3544 ± 0.0948,0.6707 ± 0.0227,0.5160 ± 0.0573,106.3103 ± 4.6699
HR_4_Contextual_Baseline,LR,5Seconds,124931.2000 ± 5519.4431,31232.8000 ± 5519.4431,0.5122 ± 0.0353,0.5033 ± 0.0159,0.3564 ± 0.3342,0.4280 ± 0.4307,0.5785 ± 0.4260,0.5009 ± 0.0029,0.4698 ± 0.0431
HR_4_Contextual_Baseline,DT,5Seconds,124931.2000 ± 5519.4431,31232.8000 ± 5519.4431,0.5085 ± 0.0355,0.5101 ± 0.0358,0.4302 ± 0.0726,0.3659 ± 0.0713,0.6544 ± 0.0369,0.5119 ± 0.0346,0.6801 ± 0.0515
HR_5_HR_Zones,RF,5Seconds,124931.2000 ± 5519.4431,31232.8000 ± 5519.4431,0.4981 ± 0.1255,0.5006 ± 0.1273,0.3392 ± 0.2391,0.2857 ± 0.2282,0.7156 ± 0.1349,0.5529 ± 0.1995,8.8732 ± 1.2616
HR_5_HR_Zones,XGB,5Seconds,124931.2000 ± 5519.4431,31232.8000 ± 5519.4431,0.5227 ± 0.1870,0.5282 ± 0.1838,0.4530 ± 0.2229,0.3917 ± 0.1971,0.6648 ± 0.1816,0.4702 ± 0.1953,3.7544 ± 0.5732
HR_5_HR_Zones,GB,5Seconds,124931.2000 ± 5519.4431,31232.8000 ± 5519.4431,0.5305 ± 0.1120,0.5351 ± 0.1097,0.4083 ± 0.1879,0.3381 ± 0.1896,0.7320 ± 0.0871,0.5076 ± 0.1917,27.1416 ± 4.6332
HR_5_HR_Zones,LR,5Seconds,124931.2000 ± 5519.4431,31232.8000 ± 5519.4431,0.4870 ± 0.0439,0.5000 ± 0.0000,0.0000 ± 0.0000,0.0000 ± 0.0000,1.0000 ± 0.0000,0.5000 ± 0.0000,0.9328 ± 0.0624
HR_5_HR_Zones,DT,5Seconds,124931.2000 ± 5519.4431,31232.8000 ± 5519.4431,0.5095 ± 0.1191,0.5121 ± 0.1174,0.4184 ± 0.1595,0.3551 ± 0.1605,0.6691 ± 0.0957,0.5051 ± 0.1232,0.5105 ± 0.0184
6_All_Combined,RF,2Seconds,36002.4000 ± 1301.6084,9000.6000 ± 1301.6084,0.7393 ± 0.2247,0.6506 ± 0.2107,0.3896 ± 0.4302,0.3367 ± 0.3944,0.9645 ± 0.0427,0.6341 ± 0.3724,4.7720 ± 0.5694
6_All_Combined,XGB,2Seconds,36002.4000 ± 1301.6084,9000.6000 ± 1301.6084,0.6960 ± 0.1957,0.6288 ± 0.1768,0.3488 ± 0.3673,0.3566 ± 0.3856,0.9011 ± 0.1176,0.5887 ± 0.3932,1.5623 ± 0.1914
6_All_Combined,GB,2Seconds,36002.4000 ± 1301.6084,9000.6000 ± 1301.6084,0.4637 ± 0.3012,0.5101 ± 0.3115,0.2431 ± 0.3457,0.3841 ± 0.5115,0.6360 ± 0.4114,0.6090 ± 0.4385,36.4723 ± 7.0289
6_All_Combined,LR,2Seconds,36002.4000 ± 1301.6084,9000.6000 ± 1301.6084,0.6740 ± 0.2201,0.5000 ± 0.0000,0.0000 ± 0.0000,0.0000 ± 0.0000,1.0000 ± 0.0000,0.5000 ± 0.0000,9.6991 ± 2.2234
6_All_Combined,DT,2Seconds,36002.4000 ± 1301.6084,9000.6000 ± 1301.6084,0.6229 ± 0.2142,0.5334 ± 0.1672,0.1740 ± 0.3152,0.1752 ± 0.2949,0.8917 ± 0.1173,0.5259 ± 0.1738,0.4502 ± 0.0219
HR_1_TimeDomain_Stats,RF,2Seconds,36002.4000 ± 1301.6084,9000.6000 ± 1301.6084,0.5964 ± 0.2386,0.5346 ± 0.2105,0.3505 ± 0.3187,0.3722 ± 0.3538,0.6970 ± 0.1770,0.4975 ± 0.2890,3.4536 ± 0.7258
HR_1_TimeDomain_Stats,XGB,2Seconds,36002.4000 ± 1301.6084,9000.6000 ± 1301.6084,0.7470 ± 0.1535,0.6646 ± 0.1179,0.5004 ± 0.1667,0.5011 ± 0.2573,0.8281 ± 0.1553,0.6964 ± 0.1613,1.0357 ± 0.1776
HR_1_TimeDomain_Stats,GB,2Seconds,36002.4000 ± 1301.6084,9000.6000 ± 1301.6084,0.5839 ± 0.2148,0.5631 ± 0.1711,0.3317 ± 0.2850,0.4693 ± 0.3802,0.6569 ± 0.1989,0.5764 ± 0.1456,13.8386 ± 3.2944
HR_1_TimeDomain_Stats,LR,2Seconds,36002.4000 ± 1301.6084,9000.6000 ± 1301.6084,0.7307 ± 0.1509,0.5493 ± 0.0834,0.2427 ± 0.3328,0.2276 ± 0.3155,0.8710 ± 0.1833,0.5313 ± 0.0532,1.6647 ± 0.4796
HR_1_TimeDomain_Stats,DT,2Seconds,36002.4000 ± 1301.6084,9000.6000 ± 1301.6084,0.5525 ± 0.1744,0.4527 ± 0.1520,0.2514 ± 0.2702,0.2460 ± 0.2216,0.6595 ± 0.1401,0.4559 ± 0.1601,0.2191 ± 0.0049
HR_2_HRV_Proxies,RF,2Seconds,36002.4000 ± 1301.6084,9000.6000 ± 1301.6084,0.4498 ± 0.3341,0.4403 ± 0.3650,0.2751 ± 0.3689,0.2920 ± 0.4220,0.5885 ± 0.3860,0.4740 ± 0.3377,2.0045 ± 0.4228
HR_2_HRV_Proxies,XGB,2Seconds,36002.4000 ± 1301.6084,9000.6000 ± 1301.6084,0.4064 ± 0.3499,0.4082 ± 0.3602,0.1790 ± 0.3921,0.2060 ± 0.4439,0.6104 ± 0.4060,0.4843 ± 0.3706,0.6503 ± 0.0830
HR_2_HRV_Proxies,GB,2Seconds,36002.4000 ± 1301.6084,9000.6000 ± 1301.6084,0.3317 ± 0.2218,0.3574 ± 0.2698,0.0947 ± 0.2027,0.1941 ± 0.4207,0.5207 ± 0.3634,0.3168 ± 0.1934,4.1051 ± 0.7349
HR_2_HRV_Proxies,LR,2Seconds,36002.4000 ± 1301.6084,9000.6000 ± 1301.6084,0.6943 ± 0.2164,0.5385 ± 0.0861,0.1263 ± 0.2825,0.1277 ± 0.2855,0.9493 ± 0.1133,0.5246 ± 0.0550,0.5869 ± 0.2891
HR_2_HRV_Proxies,DT,2Seconds,36002.4000 ± 1301.6084,9000.6000 ± 1301.6084,0.4309 ± 0.1286,0.4148 ± 0.2003,0.1084 ± 0.1976,0.2072 ± 0.4141,0.6224 ± 0.2258,0.4249 ± 0.2080,0.1716 ± 0.0011
HR_3_Temporal_Dynamics,RF,2Seconds,36002.4000 ± 1301.6084,9000.6000 ± 1301.6084,0.5745 ± 0.1752,0.5646 ± 0.1149,0.2638 ± 0.2001,0.3450 ± 0.2849,0.7843 ± 0.1674,0.5653 ± 0.1959,7.2080 ± 1.7343
HR_3_Temporal_Dynamics,XGB,2Seconds,36002.4000 ± 1301.6084,9000.6000 ± 1301.6084,0.6478 ± 0.1944,0.6033 ± 0.1354,0.4409 ± 0.1023,0.4589 ± 0.2754,0.7477 ± 0.1407,0.5988 ± 0.1775,1.1870 ± 0.2018
HR_3_Temporal_Dynamics,GB,2Seconds,36002.4000 ± 1301.6084,9000.6000 ± 1301.6084,0.5862 ± 0.2014,0.5858 ± 0.1798,0.3221 ± 0.2921,0.3964 ± 0.3283,0.7751 ± 0.1827,0.6269 ± 0.1730,21.0807 ± 2.4629
HR_3_Temporal_Dynamics,LR,2Seconds,36002.4000 ± 1301.6084,9000.6000 ± 1301.6084,0.6190 ± 0.2435,0.4978 ± 0.0113,0.1635 ± 0.2240,0.1922 ± 0.2668,0.8034 ± 0.2701,0.5019 ± 0.0140,0.2446 ± 0.0612
HR_3_Temporal_Dynamics,DT,2Seconds,36002.4000 ± 1301.6084,9000.6000 ± 1301.6084,0.5735 ± 0.1401,0.5906 ± 0.1686,0.3593 ± 0.2279,0.4699 ± 0.3274,0.7114 ± 0.1807,0.5903 ± 0.1856,0.2194 ± 0.0067
HR_4_Contextual_Baseline,RF,2Seconds,36002.4000 ± 1301.6084,9000.6000 ± 1301.6084,0.6309 ± 0.1880,0.5369 ± 0.0763,0.2545 ± 0.1098,0.2261 ± 0.1355,0.8477 ± 0.0974,0.5902 ± 0.1474,3.7933 ± 1.0781
HR_4_Contextual_Baseline,XGB,2Seconds,36002.4000 ± 1301.6084,9000.6000 ± 1301.6084,0.5839 ± 0.2073,0.5337 ± 0.1589,0.2931 ± 0.1637,0.3329 ± 0.2393,0.7345 ± 0.1108,0.5870 ± 0.2042,1.0991 ± 0.1722
HR_4_Contextual_Baseline,GB,2Seconds,36002.4000 ± 1301.6084,9000.6000 ± 1301.6084,0.6403 ± 0.1409,0.5529 ± 0.0827,0.3364 ± 0.1615,0.3516 ± 0.1662,0.7542 ± 0.1049,0.5328 ± 0.1292,15.3459 ± 4.9429
HR_4_Contextual_Baseline,LR,2Seconds,36002.4000 ± 1301.6084,9000.6000 ± 1301.6084,0.6508 ± 0.2352,0.4950 ± 0.0112,0.0791 ± 0.1768,0.0845 ± 0.1889,0.9055 ± 0.2113,0.4958 ± 0.0094,0.1000 ± 0.0012
HR_4_Contextual_Baseline,DT,2Seconds,36002.4000 ± 1301.6084,9000.6000 ± 1301.6084,0.6219 ± 0.1631,0.5469 ± 0.0973,0.3276 ± 0.1061,0.3391 ± 0.1344,0.7547 ± 0.0941,0.5459 ± 0.0939,0.1010 ± 0.0056
HR_5_HR_Zones,RF,2Seconds,36002.4000 ± 1301.6084,9000.6000 ± 1301.6084,0.7413 ± 0.1365,0.6663 ± 0.1976,0.4882 ± 0.4274,0.5886 ± 0.4696,0.7441 ± 0.2239,0.6471 ± 0.3820,1.5223 ± 0.1587
HR_5_HR_Zones,XGB,2Seconds,36002.4000 ± 1301.6084,9000.6000 ± 1301.6084,0.7348 ± 0.1389,0.6492 ± 0.1866,0.4529 ± 0.3963,0.5638 ± 0.4574,0.7347 ± 0.1289,0.5717 ± 0.2220,0.7644 ± 0.0847
HR_5_HR_Zones,GB,2Seconds,36002.4000 ± 1301.6084,9000.6000 ± 1301.6084,0.6137 ± 0.1612,0.5146 ± 0.1922,0.3222 ± 0.3976,0.4275 ± 0.4847,0.6016 ± 0.1195,0.4579 ± 0.2593,5.3276 ± 1.2288
HR_5_HR_Zones,LR,2Seconds,36002.4000 ± 1301.6084,9000.6000 ± 1301.6084,0.6991 ± 0.1660,0.5429 ± 0.0611,0.2083 ± 0.2861,0.2031 ± 0.2859,0.8827 ± 0.1894,0.4809 ± 0.0697,0.2591 ± 0.0291
HR_5_HR_Zones,DT,2Seconds,36002.4000 ± 1301.6084,9000.6000 ± 1301.6084,0.5162 ± 0.1195,0.4199 ± 0.1109,0.2086 ± 0.2383,0.2171 ± 0.1934,0.6228 ± 0.0964,0.5239 ± 0.1286,0.1973 ± 0.0068