,HR_BPM
0 days 00:00:00.616000,1405.467642822293
0 days 00:00:01.616000,182.67900380491173
0 days 00:00:02.616000,2726.9900497512413
0 days 00:00:03.616000,2236.9727047146384
0 days 00:00:04.616000,2001.9681259600598
0 days 00:00:05.616000,2286.787365177194
0 days 00:00:06.616000,3795.180722891563
0 days 00:00:07.616000,178.0462184873948
0 days 00:00:08.616000,200.36429872495498
0 days 00:00:09.616000,211.54156577885374
0 days 00:00:10.616000,194.85903814262073
0 days 00:00:11.616000,101.8099547511311
0 days 00:00:12.616000,222.8619134356842
0 days 00:00:13.616000,2571.9572368418253
0 days 00:00:14.616000,1746.891961085342
0 days 00:00:15.616000,2632.275132275407
0 days 00:00:16.616000,284.5838587641881
0 days 00:00:17.616000,231.11932010237112
0 days 00:00:18.616000,962.301587301556
0 days 00:00:19.616000,164.40826507567243
0 days 00:00:20.616000,336.1649126735318
0 days 00:00:21.616000,2007.013966135418
0 days 00:00:22.616000,2056.206293706499
0 days 00:00:23.616000,186.05870020964335
0 days 00:00:24.616000,638.6408730158734
0 days 00:00:25.616000,2013.6324417603446
0 days 00:00:26.616000,229.2992095623665
0 days 00:00:27.616000,2010.8213241430672
0 days 00:00:28.616000,2636.452241714566
0 days 00:00:29.616000,2626.274328080723
0 days 00:00:30.616000,1660.9594882724202
0 days 00:00:31.616000,3803.5714285701765
0 days 00:00:32.616000,176.06340288924358
0 days 00:00:33.616000,2393.222848580225
0 days 00:00:34.616000,360.649435145204
0 days 00:00:35.616000,2008.127289378329
0 days 00:00:36.616000,2632.9151732369182
0 days 00:00:37.616000,955.3376906317793
0 days 00:00:38.616000,161.23525104897166
0 days 00:00:39.616000,190.78575466365223
0 days 00:00:40.616000,1318.1575196009928
0 days 00:00:41.616000,788.3964918582137
0 days 00:00:42.616000,218.75000000000026
0 days 00:00:43.616000,1993.6371525308223
0 days 00:00:44.616000,3792.1348314594215
0 days 00:00:45.616000,185.43956043955694
0 days 00:00:46.616000,199.4271986331884
0 days 00:00:47.616000,3815.789473682959
0 days 00:00:48.616000,1997.157725580757
0 days 00:00:49.616000,1921.2962962965025
0 days 00:00:50.616000,1999.7893720197594
0 days 00:00:51.616000,3795.1807228936445
0 days 00:00:52.616000,157.3154100915643
0 days 00:00:53.616000,2041.532461790457
0 days 00:00:54.616000,197.48263888888815
0 days 00:00:55.616000,195.64380478559485
0 days 00:00:56.616000,199.37275985662987
0 days 00:00:57.616000,174.64801363106412
0 days 00:00:58.616000,1386.4522417155374
0 days 00:00:59.616000,749.0079365079135
0 days 00:01:00.616000,233.1453634085245
0 days 00:01:01.616000,178.06892222438879
0 days 00:01:02.616000,226.52116402116204
0 days 00:01:03.616000,2577.100115073964
0 days 00:01:04.616000,2049.968474149842
0 days 00:01:05.616000,107.69230769230703
0 days 00:01:06.616000,328.05176454369604
0 days 00:01:07.616000,3805.9701492558092
0 days 00:01:08.616000,2557.478858347896
0 days 00:01:09.616000,238.60167760233048
0 days 00:01:10.616000,2572.8606862353663
0 days 00:01:11.616000,227.5580665411109
0 days 00:01:12.616000,199.3727598566353
0 days 00:01:13.616000,201.9185499058375
0 days 00:01:14.616000,193.45238095237815
0 days 00:01:15.616000,1073.7226318389182
0 days 00:01:16.616000,767.0454545452449
0 days 00:01:17.616000,3776.2237762191935
0 days 00:01:18.616000,2631.3405797070936
0 days 00:01:19.616000,199.37782805430007
0 days 00:01:20.616000,2002.6714545562177
0 days 00:01:21.616000,183.53174603174915
0 days 00:01:22.616000,2573.621553886097
0 days 00:01:23.616000,2634.2592592562014
0 days 00:01:24.616000,1920.8291813880933
0 days 00:01:25.616000,181.99233716474583
0 days 00:01:26.616000,3811.4754098381436
0 days 00:01:27.616000,158.0380214101136
0 days 00:01:28.616000,224.8677248677186
0 days 00:01:29.616000,2570.4022988475203
0 days 00:01:30.616000,231.11932010236873
0 days 00:01:31.616000,187.01573849878784
0 days 00:01:32.616000,229.82804232804207
0 days 00:01:33.616000,2013.2575757552863
0 days 00:01:34.616000,178.57142857142654
0 days 00:01:35.616000,180.19480519480837
0 days 00:01:36.616000,227.10622710623167
0 days 00:01:37.616000,3110.4522328962803
0 days 00:01:38.616000,1368.697478991178
0 days 00:01:39.616000,117.1874999999999
0 days 00:01:40.616000,198.1525419025454
0 days 00:01:41.616000,3813.5593220359756
0 days 00:01:42.616000,201.68350168349832
0 days 00:01:43.616000,355.2737520128779
0 days 00:01:44.616000,3806.042884992331
0 days 00:01:45.616000,184.0696117804589
0 days 00:01:46.616000,2009.1188423045392
0 days 00:01:47.616000,189.9624765478431
0 days 00:01:48.616000,2002.880470823321
0 days 00:01:49.616000,207.07070707070216
0 days 00:01:50.616000,207.0932539682536
0 days 00:01:51.616000,3809.4158200277748
0 days 00:01:52.616000,228.79948914431455
0 days 00:01:53.616000,1083.935050797945
0 days 00:01:54.616000,239.47750362844275
0 days 00:01:55.616000,215.1991614255741
0 days 00:01:56.616000,208.33333333333684
0 days 00:01:57.616000,2020.1126834386416
0 days 00:01:58.616000,2015.42047853728
0 days 00:01:59.616000,2641.3690476159964
0 days 00:02:00.616000,1995.4672137901725
0 days 00:02:01.616000,201.102941176469
0 days 00:02:02.616000,235.04273504273814
0 days 00:02:03.616000,2575.9423503295397
0 days 00:02:04.616000,226.16879174256133
0 days 00:02:05.616000,2014.7323436807515
0 days 00:02:06.616000,190.5270655270659
0 days 00:02:07.616000,314.4628563260742
0 days 00:02:08.616000,2145.9941944882326
0 days 00:02:09.616000,185.3123728123811
0 days 00:02:10.616000,234.20098420098165
0 days 00:02:11.616000,2575.575027379202
0 days 00:02:12.616000,2629.3103448245315
0 days 00:02:13.616000,169.37777635742052
0 days 00:02:14.616000,226.85185185184574
0 days 00:02:15.616000,3803.328066359233
0 days 00:02:16.616000,185.76388888888462
0 days 00:02:17.616000,184.71183988425477
0 days 00:02:18.616000,239.25729442970055
0 days 00:02:19.616000,2014.101030546109
0 days 00:02:20.616000,2636.476426804834
0 days 00:02:21.616000,168.1676199748449
0 days 00:02:22.616000,229.29920956237342
0 days 00:02:23.616000,1326.704545455236
0 days 00:02:24.616000,237.76223776222636
0 days 00:02:25.616000,183.1169435525172
0 days 00:02:26.616000,229.53055402632526
0 days 00:02:27.616000,179.60833109138912
0 days 00:02:28.616000,236.16734143048873
0 days 00:02:29.616000,181.09509885825642
0 days 00:02:30.616000,189.9624765478431
0 days 00:02:31.616000,2021.329365077071
0 days 00:02:32.616000,186.35724331928128
0 days 00:02:33.616000,2016.5836521945685
0 days 00:02:34.616000,2008.4563994417847
0 days 00:02:35.616000,185.18518518518022
0 days 00:02:36.616000,2572.860686239807
0 days 00:02:37.616000,243.85964912280528
0 days 00:02:38.616000,2574.3534482728064
0 days 00:02:39.616000,238.60398860399138
0 days 00:02:40.616000,2016.9642857119973
0 days 00:02:41.616000,245.77505827505533
0 days 00:02:42.616000,2577.546296293243
0 days 00:02:43.616000,1134.6804511283387
0 days 00:02:44.616000,1237.3679417128212
0 days 00:02:45.616000,2637.2354497324027
0 days 00:02:46.616000,202.05585553686927
0 days 00:02:47.616000,216.34615384615552
0 days 00:02:48.616000,2008.1730769207866
0 days 00:02:49.616000,2022.8806907355424
0 days 00:02:50.616000,416.8560606060593
0 days 00:02:51.616000,3809.4158200244465
0 days 00:02:52.616000,198.07692307693196
0 days 00:02:53.616000,1542.018398266878
0 days 00:02:54.616000,647.1698113208449
0 days 00:02:55.616000,177.53759398495572
0 days 00:02:56.616000,187.09299959300085
0 days 00:02:57.616000,1395.4545454530237
0 days 00:02:58.616000,3796.3033536672756
0 days 00:02:59.616000,1921.875000001038
0 days 00:03:00.616000,169.7450993077576
0 days 00:03:01.616000,650.5876068374538
0 days 00:03:02.616000,186.23253047874525
0 days 00:03:03.616000,382.05438629166207
0 days 00:03:04.616000,183.90015157256832
0 days 00:03:05.616000,233.9743589743589
0 days 00:03:06.616000,1075.4251136799437
0 days 00:03:07.616000,244.3916930423658
0 days 00:03:08.616000,113.36254107338566
0 days 00:03:09.616000,2643.8596491197445
0 days 00:03:10.616000,3795.7385095893487
0 days 00:03:11.616000,655.3571428574043
0 days 00:03:12.616000,2558.814858488252
0 days 00:03:13.616000,92.59259259259315
0 days 00:03:14.616000,163.30128205128725
0 days 00:03:15.616000,218.18181818180574
0 days 00:03:16.616000,207.01396613521314
0 days 00:03:17.616000,3815.7894736796293
0 days 00:03:18.616000,537.2050206957952
0 days 00:03:19.616000,214.65517241378052
0 days 00:03:20.616000,1673.5885167445772
0 days 00:03:21.616000,208.88594164456362
0 days 00:03:22.616000,1999.0899591176371
0 days 00:03:23.616000,1940.7894736852513
0 days 00:03:24.616000,909.7284878867986
0 days 00:03:25.616000,212.41258741258886
0 days 00:03:26.616000,2016.9642857119889
0 days 00:03:27.616000,2563.2911392463325
0 days 00:03:28.616000,234.20098420098165
0 days 00:03:29.616000,2577.5462963021205
0 days 00:03:30.616000,2639.2572944355356
0 days 00:03:31.616000,1141.9536914968874
0 days 00:03:32.616000,2642.372881352882
0 days 00:03:33.616000,3794.3926870225964
0 days 00:03:34.616000,3795.7317073258127
0 days 00:03:35.616000,195.17034456058934
0 days 00:03:36.616000,237.23544973546336
0 days 00:03:37.616000,2580.128205134029
0 days 00:03:38.616000,2065.824800197515
0 days 00:03:39.616000,187.23544973544833
0 days 00:03:40.616000,243.6130007558464
0 days 00:03:41.616000,2022.8223981944102
0 days 00:03:42.616000,3113.256120203727
0 days 00:03:43.616000,2632.8947368390554
0 days 00:03:44.616000,2002.3148148191808
0 days 00:03:45.616000,3818.1818181772355
0 days 00:03:46.616000,205.87606837606367
0 days 00:03:47.616000,192.66917293233988
0 days 00:03:48.616000,2641.6122004326726
0 days 00:03:49.616000,3797.7726387490693
0 days 00:03:50.616000,3798.0769230723404
0 days 00:03:51.616000,208.6847996774429
0 days 00:03:52.616000,3819.4444444531814
0 days 00:03:53.616000,1997.1153846197544
0 days 00:03:54.616000,196.19386216024782
0 days 00:03:55.616000,2654.1666666724886
0 days 00:03:56.616000,1068.0751173714084
0 days 00:03:57.616000,1680.7729468580703
0 days 00:03:58.616000,2641.612200441551
0 days 00:03:59.616000,180.50758765044637
0 days 00:04:00.616000,192.30769230769047
0 days 00:04:01.616000,2645.1734539939303
0 days 00:04:02.616000,1997.4532224509326
0 days 00:04:03.616000,190.6695156695118
0 days 00:04:04.616000,248.0769230769206
0 days 00:04:05.616000,3109.148606812804
0 days 00:04:06.616000,194.23076923076962
0 days 00:04:07.616000,1101.4084507040147
0 days 00:04:08.616000,3782.327586202314
0 days 00:04:09.616000,106.06060606060633
0 days 00:04:10.616000,2065.2373941824785
0 days 00:04:11.616000,210.48387096774934
0 days 00:04:12.616000,915.1107544540986
0 days 00:04:13.616000,2576.7045454603717
0 days 00:04:14.616000,245.833333333336
0 days 00:04:15.616000,211.47540983605285
0 days 00:04:16.616000,3107.1084724075017
0 days 00:04:17.616000,3813.5593220159953
0 days 00:04:18.616000,1998.85670732144
0 days 00:04:19.616000,218.74999999999912
0 days 00:04:20.616000,3100.167624517405
0 days 00:04:21.616000,185.31237281237176
0 days 00:04:22.616000,2062.1192665940152
0 days 00:04:23.616000,3807.5206043777016
0 days 00:04:24.616000,3798.7012987100397
0 days 00:04:25.616000,3796.600030869143
0 days 00:04:26.616000,3794.1176470675628
0 days 00:04:27.616000,3796.5856481435667
0 days 00:04:28.616000,248.02631578947376
0 days 00:04:29.616000,2020.6980519391168
0 days 00:04:30.616000,198.07692307689152
0 days 00:04:31.616000,217.81343656344575
0 days 00:04:32.616000,2580.1282051162702
0 days 00:04:33.616000,655.7550904971562
0 days 00:04:34.616000,2018.5504354180055
0 days 00:04:35.616000,244.2307692307629
0 days 00:04:36.616000,3810.0484111042433
0 days 00:04:37.616000,179.93762993762127
0 days 00:04:38.616000,253.18627450980384
0 days 00:04:39.616000,2008.7619617268622
0 days 00:04:40.616000,197.69813519813184
0 days 00:04:41.616000,252.01930964848862
0 days 00:04:42.616000,181.52280069114985
0 days 00:04:43.616000,1395.4545454530237
0 days 00:04:44.616000,207.84412955467064
0 days 00:04:45.616000,2373.475309848315
0 days 00:04:46.616000,3800.675675684417
0 days 00:04:47.616000,1669.7756410291295
0 days 00:04:48.616000,2025.827205873391
0 days 00:04:49.616000,200.00000000001137
0 days 00:04:50.616000,2022.877358481616
0 days 00:04:51.616000,352.22209193245493
0 days 00:04:52.616000,1766.468280317566
0 days 00:04:53.616000,2016.309931511218
0 days 00:04:54.616000,663.0681818184245
0 days 00:04:55.616000,186.9700582935828
0 days 00:04:56.616000,1364.3767996699776
0 days 00:04:57.616000,215.41950113378238
0 days 00:04:58.616000,177.92207792208464
0 days 00:04:59.616000,2166.593822836645
0 days 00:05:00.616000,744.5402298854134
0 days 00:05:01.616000,1384.965473951431
0 days 00:05:02.616000,189.36705727015746
0 days 00:05:03.616000,1141.0098522166354
0 days 00:05:04.616000,372.93695303841736
0 days 00:05:05.616000,475.961538461516
0 days 00:05:06.616000,226.62522662523554
0 days 00:05:07.616000,507.2916666665852
0 days 00:05:08.616000,858.437500000418
0 days 00:05:09.616000,1980.5235137568347
0 days 00:05:10.616000,208.77518557791936
0 days 00:05:11.616000,1094.8004201669228
0 days 00:05:12.616000,2609.89010989593
0 days 00:05:13.616000,520.8333333334357
0 days 00:05:14.616000,551.2820512823791
0 days 00:05:15.616000,1822.0009157532622
0 days 00:05:16.616000,1816.6797796938747
0 days 00:05:17.616000,712.1212121215572
0 days 00:05:18.616000,1832.5000000035186
0 days 00:05:19.616000,593.1372549024121
0 days 00:05:20.616000,527.210884353724
0 days 00:05:21.616000,388.2080610023498
0 days 00:05:22.616000,107.32323232323739
0 days 00:05:23.616000,348.6745812326864
0 days 00:05:24.616000,979.9145299136062
0 days 00:05:25.616000,370.65365190365776
0 days 00:05:26.616000,1952.994827526634
0 days 00:05:27.616000,1182.4750108649787
0 days 00:05:28.616000,1799.1918778428205
0 days 00:05:29.616000,236.5728900255632
0 days 00:05:30.616000,1057.821327682469
0 days 00:05:31.616000,1253.3143939396336
0 days 00:05:32.616000,368.2563338301709
0 days 00:05:33.616000,414.77272727268763
0 days 00:05:34.616000,265.88838025158265
0 days 00:05:35.616000,2653.7698412756617
0 days 00:05:36.616000,359.43223443222377
0 days 00:05:37.616000,896.9797596457624
0 days 00:05:38.616000,2112.146781791996
0 days 00:05:39.616000,87.2093023255829
0 days 00:05:40.616000,379.17439703145396
0 days 00:05:41.616000,2000.9922300338565
0 days 00:05:42.616000,442.43671229891027
0 days 00:05:43.616000,457.96035805618106
0 days 00:05:44.616000,1611.5134865156465
0 days 00:05:45.616000,600.6042568542683
0 days 00:05:46.616000,315.3749426802247
0 days 00:05:47.616000,500.68681318680825
0 days 00:05:48.616000,99.9999999999962
0 days 00:05:49.616000,1002.7135854341171
0 days 00:05:50.616000,885.9521606975966
0 days 00:05:51.616000,1169.5811170234751
0 days 00:05:52.616000,1523.7535293142873
0 days 00:05:53.616000,1813.2567543175667
0 days 00:05:54.616000,2536.491797673538
0 days 00:05:55.616000,1078.4716060348208
0 days 00:05:56.616000,225.54347826084424
0 days 00:05:57.616000,597.5748046499755
0 days 00:05:58.616000,1379.6082949293534
0 days 00:05:59.616000,363.74866452983326
0 days 00:06:00.616000,960.7611553362804
0 days 00:06:01.616000,894.9059561128219
0 days 00:06:02.616000,237.04386645964973
0 days 00:06:03.616000,620.5357142861711
0 days 00:06:04.616000,429.4199671393852
0 days 00:06:05.616000,392.2968478889506
0 days 00:06:06.616000,1514.9713485485056
0 days 00:06:07.616000,2265.901378577189
0 days 00:06:08.616000,2592.415807873463
0 days 00:06:09.616000,969.0293742017531
0 days 00:06:10.616000,765.8268733853416
0 days 00:06:11.616000,796.0721570628077
0 days 00:06:12.616000,83.33333333333675
0 days 00:06:13.616000,249.10394265237514
0 days 00:06:14.616000,376.41151951496676
0 days 00:06:15.616000,333.4001068375243
0 days 00:06:16.616000,1526.5957446793727
0 days 00:06:17.616000,462.46000639884477
0 days 00:06:18.616000,2605.8377896671477
0 days 00:06:19.616000,2754.3760587238503
0 days 00:06:20.616000,1015.7828282830054
0 days 00:06:21.616000,183.5317460317433
0 days 00:06:22.616000,1129.464285713131
0 days 00:06:23.616000,1450.543091166931
0 days 00:06:24.616000,267.03612479473736
0 days 00:06:25.616000,1159.2209507030789
0 days 00:06:26.616000,677.965851353127
0 days 00:06:27.616000,2371.628166917349
0 days 00:06:28.616000,636.4522417158491
0 days 00:06:29.616000,724.7861663405786
0 days 00:06:30.616000,599.7023809523582
0 days 00:06:31.616000,1904.7867063423182
0 days 00:06:32.616000,633.9285714288362
0 days 00:06:33.616000,2775.3496503554197
0 days 00:06:34.616000,1561.0579758247875
0 days 00:06:35.616000,877.6379870129431
0 days 00:06:36.616000,247.3324797268373
0 days 00:06:37.616000,881.6673727774436
0 days 00:06:38.616000,1561.8235930764838
0 days 00:06:39.616000,259.4574036511062
0 days 00:06:40.616000,1729.4546850940544
0 days 00:06:41.616000,2599.2918719255317
0 days 00:06:42.616000,1817.8464755106615
0 days 00:06:43.616000,767.286481900436
0 days 00:06:44.616000,1753.3081126558816
0 days 00:06:45.616000,2592.3423423333657
0 days 00:06:46.616000,739.9579208169419
0 days 00:06:47.616000,194.88916256157088
0 days 00:06:48.616000,493.0702917771852
0 days 00:06:49.616000,2068.8492063523945
0 days 00:06:50.616000,389.7698365795144
0 days 00:06:51.616000,1950.5230880264346
0 days 00:06:52.616000,1663.3307659382547
0 days 00:06:53.616000,2126.2946428606106
0 days 00:06:54.616000,2633.145363414333
0 days 00:06:55.616000,1300.455219163342
0 days 00:06:56.616000,995.6709956710032
0 days 00:06:57.616000,885.8663425047007
0 days 00:06:58.616000,946.0486322188145
0 days 00:06:59.616000,1804.6414835917494
0 days 00:07:00.616000,3154.817348371024
0 days 00:07:01.616000,2755.627705624656
0 days 00:07:02.616000,2078.90926641363
0 days 00:07:03.616000,1903.8722826121636
0 days 00:07:04.616000,552.5030525030273
0 days 00:07:05.616000,804.8973875589198
0 days 00:07:06.616000,391.08031272213526
0 days 00:07:07.616000,355.4258241758604
0 days 00:07:08.616000,1023.2594594437467
0 days 00:07:09.616000,1829.6089499936468
0 days 00:07:10.616000,2364.5220588261013
0 days 00:07:11.616000,766.5750915750874
0 days 00:07:12.616000,1402.698863634844
0 days 00:07:13.616000,449.39708720544564
0 days 00:07:14.616000,85.2272727272718
0 days 00:07:15.616000,1666.0487288063996
0 days 00:07:16.616000,2638.047138052961
0 days 00:07:17.616000,272.0895176252063
0 days 00:07:18.616000,331.550802139036
0 days 00:07:19.616000,1077.9146141231768
0 days 00:07:20.616000,96.77822177822111
0 days 00:07:21.616000,537.0153525892251
0 days 00:07:22.616000,2209.4794293732384
0 days 00:07:23.616000,1623.884851710306
0 days 00:07:24.616000,528.4178187403876
0 days 00:07:25.616000,2085.342582980969
0 days 00:07:26.616000,986.2564458972709
0 days 00:07:27.616000,626.0888501744807
0 days 00:07:28.616000,1718.1842172630566
0 days 00:07:29.616000,458.9160839160665
0 days 00:07:30.616000,2260.4700854740536
0 days 00:07:31.616000,433.65320555562215
0 days 00:07:32.616000,390.3256704980713
0 days 00:07:33.616000,2432.923169257549
0 days 00:07:34.616000,512.6096491227182
0 days 00:07:35.616000,2019.80311355527
0 days 00:07:36.616000,218.30100574711867
0 days 00:07:37.616000,1171.522556390118
0 days 00:07:38.616000,615.6800788500765
0 days 00:07:39.616000,214.18327294685696
0 days 00:07:40.616000,1883.3946226201447
0 days 00:07:41.616000,1692.4194677900198
0 days 00:07:42.616000,1620.9657590491636
0 days 00:07:43.616000,1009.8738626956975
0 days 00:07:44.616000,578.3935152589877
0 days 00:07:45.616000,337.1688251981794
0 days 00:07:46.616000,657.295688545807
0 days 00:07:47.616000,1612.0273360187143
0 days 00:07:48.616000,475.1854020297179
0 days 00:07:49.616000,317.61697125331915
0 days 00:07:50.616000,367.6271645022127
0 days 00:07:51.616000,577.380952381115
0 days 00:07:52.616000,2349.572649564572
0 days 00:07:53.616000,177.0320197044416
0 days 00:07:54.616000,591.0145308123177
0 days 00:07:55.616000,1634.2427248705208
0 days 00:07:56.616000,2899.2333679865937
0 days 00:07:57.616000,444.67178584759966
0 days 00:07:58.616000,532.9698477750226
0 days 00:07:59.616000,2012.9369493038023
0 days 00:08:00.616000,2161.557797415345
0 days 00:08:01.616000,1132.3996585302339
0 days 00:08:02.616000,1003.0010196505625
0 days 00:08:03.616000,1089.1812865518837
0 days 00:08:04.616000,970.2380952373837
0 days 00:08:05.616000,299.14529914527907
0 days 00:08:06.616000,998.8474556484914
0 days 00:08:07.616000,494.7916666666507
0 days 00:08:08.616000,758.8798019209993
0 days 00:08:09.616000,676.0196130814585
0 days 00:08:10.616000,462.20930232539104
0 days 00:08:11.616000,492.7383427382621
0 days 00:08:12.616000,1060.6253243405297
0 days 00:08:13.616000,1985.4638009080172
0 days 00:08:14.616000,204.52796734912533
0 days 00:08:15.616000,314.9436261138593
0 days 00:08:16.616000,296.1165225772505
0 days 00:08:17.616000,2053.6297852495813
0 days 00:08:18.616000,347.18593227428664
0 days 00:08:19.616000,512.3644986449741
0 days 00:08:20.616000,644.03044871756
0 days 00:08:21.616000,1440.2744968980453
0 days 00:08:22.616000,1144.7072072068333
0 days 00:08:23.616000,1674.0859449221837
0 days 00:08:24.616000,644.2000981473749
0 days 00:08:25.616000,1355.8360042749302
0 days 00:08:26.616000,1759.2366949407508
0 days 00:08:27.616000,205.94098883571988
0 days 00:08:28.616000,478.46736596758785
0 days 00:08:29.616000,937.058865047254
0 days 00:08:30.616000,1000.3924646795973
0 days 00:08:31.616000,476.13022941988646
0 days 00:08:32.616000,841.3839081210893
0 days 00:08:33.616000,1536.7127085994089
0 days 00:08:34.616000,604.3496186357187
0 days 00:08:35.616000,2821.428571452028
0 days 00:08:36.616000,2159.2841228803577
0 days 00:08:37.616000,393.47165991865626
0 days 00:08:38.616000,493.93939393923785
0 days 00:08:39.616000,317.6253570990686
0 days 00:08:40.616000,1734.8148808523729
0 days 00:08:41.616000,668.2751225501132
0 days 00:08:42.616000,500.38981289015567
0 days 00:08:43.616000,2031.1058959127738
0 days 00:08:44.616000,776.5575742494095
0 days 00:08:45.616000,187.57817385865528
0 days 00:08:46.616000,174.64678178964218
0 days 00:08:47.616000,453.2967032968399
0 days 00:08:48.616000,664.8549835593598
0 days 00:08:49.616000,781.0606060600245
0 days 00:08:50.616000,1724.9594986323805
0 days 00:08:51.616000,3039.7435897493997
0 days 00:08:52.616000,1588.089542048627
0 days 00:08:53.616000,683.1093014129428
0 days 00:08:54.616000,1607.6957098583935
0 days 00:08:55.616000,2042.8442028895856
0 days 00:08:56.616000,172.9462088362844
0 days 00:08:57.616000,667.2077922072981
0 days 00:08:58.616000,695.1884920632328
0 days 00:08:59.616000,651.2919896636671
0 days 00:09:00.616000,236.01398601399458
0 days 00:09:01.616000,2505.6553203052144
0 days 00:09:02.616000,393.8218390803701
0 days 00:09:03.616000,1278.7930323658848
0 days 00:09:04.616000,665.736607143107
0 days 00:09:05.616000,2371.162385398489
0 days 00:09:06.616000,949.5994427046586
0 days 00:09:07.616000,1379.487179483585
0 days 00:09:08.616000,1795.1778385700807
0 days 00:09:09.616000,1241.4434523811353
0 days 00:09:10.616000,115.38461538461942
0 days 00:09:11.616000,667.6267975539399
0 days 00:09:12.616000,2138.074534175617
0 days 00:09:13.616000,205.89668615983624
0 days 00:09:14.616000,2070.819805185893
0 days 00:09:15.616000,3207.318543511178
0 days 00:09:16.616000,878.767458087623
0 days 00:09:17.616000,2133.3900226685655
0 days 00:09:18.616000,1490.7603361528154
0 days 00:09:19.616000,2586.229946512128
0 days 00:09:20.616000,522.0001772424719
0 days 00:09:21.616000,434.8544973546659
0 days 00:09:22.616000,627.9098260241024
0 days 00:09:23.616000,815.5399274037206
0 days 00:09:24.616000,188.7782029291561
0 days 00:09:25.616000,513.0487509097918
0 days 00:09:26.616000,440.4525598624435
0 days 00:09:27.616000,539.9848862019594
0 days 00:09:28.616000,213.61252834468718
0 days 00:09:29.616000,1812.2304582139604
0 days 00:09:30.616000,516.7471042474442
0 days 00:09:31.616000,407.7221850987377
0 days 00:09:32.616000,2258.4436194472732
0 days 00:09:33.616000,466.96883337373623
0 days 00:09:34.616000,1058.2910747384572
0 days 00:09:35.616000,1604.6195521056115
0 days 00:09:36.616000,1176.365546220708
0 days 00:09:37.616000,2067.0090778697872
0 days 00:09:38.616000,3405.0968213348933
0 days 00:09:39.616000,750.7417046890586
0 days 00:09:40.616000,187.13745271123517
0 days 00:09:41.616000,366.63286004043243
0 days 00:09:42.616000,1696.3723411233452
0 days 00:09:43.616000,553.5416666666489
0 days 00:09:44.616000,429.5634920634755
0 days 00:09:45.616000,457.5988512677142
0 days 00:09:46.616000,992.3267602466627
0 days 00:09:47.616000,1169.4074181352205
0 days 00:09:48.616000,1517.0463934510242
0 days 00:09:49.616000,544.9263443928844
0 days 00:09:50.616000,523.789787797703
0 days 00:09:51.616000,947.5035730848833
0 days 00:09:52.616000,998.1818181782598
0 days 00:09:53.616000,1110.2264902638133
0 days 00:09:54.616000,602.0561002179434
0 days 00:09:55.616000,844.1956327984806
0 days 00:09:56.616000,1130.5199430214363
0 days 00:09:57.616000,581.2058497500184
0 days 00:09:58.616000,676.6818913250894
0 days 00:09:59.616000,2073.165804801111
0 days 00:10:00.616000,756.3651137587309
0 days 00:10:01.616000,87.50000000000023
0 days 00:10:02.616000,2230.6604634104906
0 days 00:10:03.616000,191.62087912085343
0 days 00:10:04.616000,1289.8936170212319
0 days 00:10:05.616000,150.74938021182354
0 days 00:10:06.616000,167.64227790767325
0 days 00:10:07.616000,2900.771103889354
0 days 00:10:08.616000,1469.2297730502034
0 days 00:10:09.616000,37.68844221105295
0 days 00:10:10.616000,2004.479024380167
0 days 00:10:11.616000,181.02372034955843
0 days 00:10:12.616000,2026.785714278822
0 days 00:10:13.616000,150.31999863948172
0 days 00:10:14.616000,212.25731671982248
0 days 00:10:15.616000,186.12852664578207
0 days 00:10:16.616000,181.39367816093377
0 days 00:10:17.616000,176.7786992579775
0 days 00:10:18.616000,950.0280347630456
0 days 00:10:19.616000,2552.4891775127667
0 days 00:10:20.616000,169.64285714289602
0 days 00:10:21.616000,1368.6744290221752
0 days 00:10:22.616000,69.44444444444181
0 days 00:10:23.616000,173.95320197045788
0 days 00:10:24.616000,168.60465116278672
0 days 00:10:25.616000,175.60664112389696
0 days 00:10:26.616000,2615.384615408201
0 days 00:10:27.616000,78.98200965335457
0 days 00:10:28.616000,197.949320794158
0 days 00:10:29.616000,3791.208791190882
0 days 00:10:30.616000,167.1144121365764
0 days 00:10:31.616000,953.4832451498606
0 days 00:10:32.616000,68.80733944954466
0 days 00:10:33.616000,170.1807228915624
0 days 00:10:34.616000,173.42799188636585
0 days 00:10:35.616000,3791.352031625392
0 days 00:10:36.616000,169.3059299191748
0 days 00:10:37.616000,1365.9688013165517
0 days 00:10:38.616000,1907.3275862112625
0 days 00:10:39.616000,64.10256410256167
0 days 00:10:40.616000,2209.8214285624667
0 days 00:10:41.616000,3802.0833333687165
0 days 00:10:42.616000,141.91919191918655
0 days 00:10:43.616000,199.31959030960638
0 days 00:10:44.616000,176.18534482760342
0 days 00:10:45.616000,3800.6756756577715
0 days 00:10:46.616000,3788.265306104544
0 days 00:10:47.616000,139.1814203216538
0 days 00:10:48.616000,171.29629629628982
0 days 00:10:49.616000,196.42857142856397
0 days 00:10:50.616000,172.91499599039386
0 days 00:10:51.616000,183.9285714285418
0 days 00:10:52.616000,182.8817733990362
0 days 00:10:53.616000,150.85487786634582
0 days 00:10:54.616000,1365.9688013165096
0 days 00:10:55.616000,169.98626373630424
0 days 00:10:56.616000,1370.9291187768267
0 days 00:10:57.616000,69.44444444444181
0 days 00:10:58.616000,172.91499599039386
0 days 00:10:59.616000,3794.117647040921
0 days 00:11:00.616000,2603.580941094885
0 days 00:11:01.616000,1909.0909090952791
0 days 00:11:02.616000,145.80326659101317
0 days 00:11:03.616000,3804.347826069049
0 days 00:11:04.616000,944.2927051325618
0 days 00:11:05.616000,67.567567567565
0 days 00:11:06.616000,147.21880131360203
0 days 00:11:07.616000,177.38726790452367
0 days 00:11:08.616000,942.4760097015516
0 days 00:11:09.616000,3794.1176470409137
0 days 00:11:10.616000,163.71401455237475
0 days 00:11:11.616000,175.04205214467123
0 days 00:11:12.616000,169.11764705882206
0 days 00:11:13.616000,2619.54022987313
0 days 00:11:14.616000,3090.602890246115
0 days 00:11:15.616000,1371.921182268895
0 days 00:11:16.616000,1285.3773584905205
0 days 00:11:17.616000,68.80733944953569
0 days 00:11:18.616000,177.0320197044112
0 days 00:11:19.616000,3791.069737162422
0 days 00:11:20.616000,164.03256704982334
0 days 00:11:21.616000,1283.4821428570972
0 days 00:11:22.616000,169.64285714285072
0 days 00:11:23.616000,174.49106771910618
0 days 00:11:24.616000,171.29629629629792
0 days 00:11:25.616000,2561.484409298561
0 days 00:11:26.616000,179.31034482753716
0 days 00:11:27.616000,772.334520318382
0 days 00:11:28.616000,78.94736842105358
0 days 00:11:29.616000,174.99999999999338
0 days 00:11:30.616000,152.99277605779238
0 days 00:11:31.616000,173.9532019703945
0 days 00:11:32.616000,195.4022988506068
0 days 00:11:33.616000,168.1034482758557
0 days 00:11:34.616000,167.6136363636346
0 days 00:11:35.616000,172.9149959903305
0 days 00:11:36.616000,3797.4683544124778
0 days 00:11:37.616000,3787.4999999820966
0 days 00:11:38.616000,143.85410864136188
0 days 00:11:39.616000,171.87500000004715
0 days 00:11:40.616000,194.0989765513858
0 days 00:11:41.616000,3794.64285712495
0 days 00:11:42.616000,3786.4077669723874
0 days 00:11:43.616000,943.5786914234985
0 days 00:11:44.616000,70.75471698113572
0 days 00:11:45.616000,1983.2385095849756
0 days 00:11:46.616000,69.44444444444181
0 days 00:11:47.616000,200.4044274159676
0 days 00:11:48.616000,169.64285714285072
0 days 00:11:49.616000,169.64285714285072
0 days 00:11:50.616000,165.6105990783717
0 days 00:11:51.616000,169.64285714285072
0 days 00:11:52.616000,169.64285714285072
0 days 00:11:53.616000,170.731707317072
0 days 00:11:54.616000,2554.759649526306
0 days 00:11:55.616000,780.7187955318049
0 days 00:11:56.616000,74.9999999999936
0 days 00:11:57.616000,1284.403669724725
0 days 00:11:58.616000,1283.7837837837353
0 days 00:11:59.616000,66.96428571428883
0 days 00:12:00.616000,168.60465116278672
0 days 00:12:01.616000,144.70381526104225
0 days 00:12:02.616000,198.31223628694988
0 days 00:12:03.616000,172.46835443037037
0 days 00:12:04.616000,177.38726790452367
0 days 00:12:05.616000,3803.571428553528
0 days 00:12:06.616000,3095.8490899762605
0 days 00:12:07.616000,169.11764705881467
0 days 00:12:08.616000,160.52383644244887
0 days 00:12:09.616000,177.8169014084475
0 days 00:12:10.616000,209.2227695676033
0 days 00:12:11.616000,2569.7192387648697
0 days 00:12:12.616000,1095.6564986759358
0 days 00:12:13.616000,1285.377358490516
0 days 00:12:14.616000,68.18181818181853
0 days 00:12:15.616000,171.29629629629792
0 days 00:12:16.616000,3795.1807228736616
0 days 00:12:17.616000,3787.697009478963
0 days 00:12:18.616000,162.49999999999739
0 days 00:12:19.616000,176.36986301369862
0 days 00:12:20.616000,175.67567567567227
0 days 00:12:21.616000,152.09904151445392
0 days 00:12:22.616000,2622.4387806332525
0 days 00:12:23.616000,166.43905769882653
0 days 00:12:24.616000,953.8690476190436
0 days 00:12:25.616000,67.567567567565
0 days 00:12:26.616000,172.91499599039386
0 days 00:12:27.616000,171.92398119123487
0 days 00:12:28.616000,3793.604651144886
0 days 00:12:29.616000,1982.900297782897
0 days 00:12:30.616000,156.34510042607937
0 days 00:12:31.616000,948.3122362868877
0 days 00:12:32.616000,71.42857142856872
0 days 00:12:33.616000,180.6802078412424
0 days 00:12:34.616000,170.34090503232505
0 days 00:12:35.616000,2630.849753718173
0 days 00:12:36.616000,747.3544973537288
0 days 00:12:37.616000,889.2428785606879
0 days 00:12:38.616000,171.29629629629792
0 days 00:12:39.616000,172.46835443037037
0 days 00:12:40.616000,168.1481087218627
0 days 00:12:41.616000,214.28571428573636
0 days 00:12:42.616000,958.3333333332971
0 days 00:12:43.616000,2549.007444186401
0 days 00:12:44.616000,2033.405172404837
0 days 00:12:45.616000,3804.347826069049
0 days 00:12:46.616000,2554.373522446697
0 days 00:12:47.616000,210.49783549781242
0 days 00:12:48.616000,177.8169014084475
0 days 00:12:49.616000,172.41379310346287
0 days 00:12:50.616000,3798.7012986833943
0 days 00:12:51.616000,2606.4183571546973
0 days 00:12:52.616000,1286.6071428570958
0 days 00:12:53.616000,1285.0467289719109
0 days 00:12:54.616000,70.75471698113572
0 days 00:12:55.616000,177.38726790452367
0 days 00:12:56.616000,1991.9908964090064
0 days 00:12:57.616000,946.4219503151431
0 days 00:12:58.616000,977.3936170201273
0 days 00:12:59.616000,1909.7222222132727
0 days 00:13:00.616000,71.4285714285784
0 days 00:13:01.616000,147.03018500486692
0 days 00:13:02.616000,204.5454545454468
0 days 00:13:03.616000,188.8341543514097
0 days 00:13:04.616000,3803.5714286068082
0 days 00:13:05.616000,179.28912241670628
0 days 00:13:06.616000,1373.6559139725243
0 days 00:13:07.616000,1289.4736842104794
0 days 00:13:08.616000,1911.0576923120625
0 days 00:13:09.616000,80.77843628903165
0 days 00:13:10.616000,201.9821576273661
0 days 00:13:11.616000,3799.9999999820925
0 days 00:13:12.616000,175.13736263733765
0 days 00:13:13.616000,2571.108513527904
0 days 00:13:14.616000,69.44444444445095
0 days 00:13:15.616000,163.71401455237026
0 days 00:13:16.616000,1283.4821428570972
0 days 00:13:17.616000,68.80733944953569
0 days 00:13:18.616000,1989.501123109075
0 days 00:13:19.616000,938.7309698711709
0 days 00:13:20.616000,73.5294117647031
0 days 00:13:21.616000,178.01164352883893
0 days 00:13:22.616000,172.4683544303789
0 days 00:13:23.616000,172.4683544303789
0 days 00:13:24.616000,151.15291544511774
0 days 00:13:25.616000,203.78680522756682
0 days 00:13:26.616000,180.1470588235149
0 days 00:13:27.616000,166.25548245613984
0 days 00:13:28.616000,218.59605911333298
0 days 00:13:29.616000,174.81203007517612
0 days 00:13:30.616000,183.65817091449352
0 days 00:13:31.616000,1641.5929203495095
0 days 00:13:32.616000,1908.7837837881525
0 days 00:13:33.616000,68.80733944954466
0 days 00:13:34.616000,170.73170731706406
0 days 00:13:35.616000,171.87499999999628
0 days 00:13:36.616000,171.87499999999628
0 days 00:13:37.616000,1986.622431497897
0 days 00:13:38.616000,944.5402298850381
0 days 00:13:39.616000,76.53061224488766
0 days 00:13:40.616000,175.67567567567227
0 days 00:13:41.616000,176.18534482760342
0 days 00:13:42.616000,143.95943562610188
0 days 00:13:43.616000,167.26403823175536
0 days 00:13:44.616000,2617.071094070661
0 days 00:13:45.616000,3787.4999999820966
0 days 00:13:46.616000,3789.0624999820984
0 days 00:13:47.616000,740.8814589657846
0 days 00:13:48.616000,1299.7820487447418
0 days 00:13:49.616000,173.07692307691653
0 days 00:13:50.616000,178.65245009075537
0 days 00:13:51.616000,3799.476506648167
0 days 00:13:52.616000,3791.6666666487595
0 days 00:13:53.616000,60.975609756102294
0 days 00:13:54.616000,1911.407766994658
0 days 00:13:55.616000,88.4911003236246
0 days 00:13:56.616000,203.78680522752734
0 days 00:13:57.616000,186.12852664578207
0 days 00:13:58.616000,2570.0757575993434
0 days 00:13:59.616000,947.3180076628136
0 days 00:14:00.616000,2022.9124748419817
0 days 00:14:01.616000,177.0833333333369
0 days 00:14:02.616000,152.00776235256436
0 days 00:14:03.616000,2625.889436257821
0 days 00:14:04.616000,950.3968253967743
0 days 00:14:05.616000,1292.1348314606275
0 days 00:14:06.616000,83.05951077035128
0 days 00:14:07.616000,198.31223628694988
0 days 00:14:08.616000,3797.4683544124778
0 days 00:14:09.616000,167.5756509500518
0 days 00:14:10.616000,956.3049357673486
0 days 00:14:11.616000,1289.4736842104794
0 days 00:14:12.616000,144.50048425708425
0 days 00:14:13.616000,179.31034482760052
0 days 00:14:14.616000,173.07692307691653
0 days 00:14:15.616000,169.04466501239082
0 days 00:14:16.616000,747.1804511270401
0 days 00:14:17.616000,2556.2592228114795
0 days 00:14:18.616000,167.5756509500518
0 days 00:14:19.616000,174.53917050693917
0 days 00:14:20.616000,1992.7884615561366
0 days 00:14:21.616000,1185.7142857137083
0 days 00:14:22.616000,2795.78754579326
0 days 00:14:23.616000,3798.701298736676
0 days 00:14:24.616000,173.29255861365147
0 days 00:14:25.616000,176.18534482760342
0 days 00:14:26.616000,172.4683544303789
0 days 00:14:27.616000,150.52308802308434
0 days 00:14:28.616000,201.87793427229516
0 days 00:14:29.616000,179.98602050321608
0 days 00:14:30.616000,170.30984719862298
0 days 00:14:31.616000,950.9132420091009
0 days 00:14:32.616000,1990.734675740651
0 days 00:14:33.616000,202.82561241818726
0 days 00:14:34.616000,180.68020784129578
0 days 00:14:35.616000,2183.0357142767534
0 days 00:14:36.616000,161.2516994191187
0 days 00:14:37.616000,221.90293742018093
0 days 00:14:38.616000,2574.4047618928257
0 days 00:14:39.616000,787.8694581280822
0 days 00:14:40.616000,1288.6597938143823
0 days 00:14:41.616000,1287.4999999999548
0 days 00:14:42.616000,86.73336798336959
0 days 00:14:43.616000,1119.6918161205103
0 days 00:14:44.616000,186.47540983605373
0 days 00:14:45.616000,167.04131636920874
0 days 00:14:46.616000,2624.6684350368564
0 days 00:14:47.616000,2557.805399613831
0 days 00:14:48.616000,222.43107769424228
0 days 00:14:49.616000,196.4285714286093
0 days 00:14:50.616000,186.12852664578207
0 days 00:14:51.616000,1910.04672896301
0 days 00:14:52.616000,878.605375286762
0 days 00:14:53.616000,172.46835443037037
0 days 00:14:54.616000,173.70129870129512
0 days 00:14:55.616000,176.36986301369862
0 days 00:14:56.616000,2566.840277801363
0 days 00:14:57.616000,785.2019906322822
0 days 00:14:58.616000,1917.6136363680023
0 days 00:14:59.616000,1289.4736842104794
0 days 00:15:00.616000,883.2340284673647
0 days 00:15:01.616000,184.45740365112206
0 days 00:15:02.616000,1922.5663108019364
0 days 00:15:03.616000,629.2156119753204
0 days 00:15:04.616000,1400.432900429582
0 days 00:15:05.616000,3239.898122723798
0 days 00:15:06.616000,2229.232486275981
0 days 00:15:07.616000,1842.1602038550438
0 days 00:15:08.616000,2046.5130751404213
0 days 00:15:09.616000,884.4753756549004
0 days 00:15:10.616000,1318.0803571438435
0 days 00:15:11.616000,2619.101633417385
0 days 00:15:12.616000,2634.283819652213
0 days 00:15:13.616000,160.83916083915082
0 days 00:15:14.616000,2009.6153846330753
0 days 00:15:15.616000,2625.4873294582812
0 days 00:15:16.616000,1318.0303591291602
0 days 00:15:17.616000,60.48387096773733
0 days 00:15:18.616000,2151.327212476885
0 days 00:15:19.616000,1201.644736843156
0 days 00:15:20.616000,2554.9516908093183
0 days 00:15:21.616000,1913.6597938187995
0 days 00:15:22.616000,1851.5435835293913
0 days 00:15:23.616000,1774.553571438811
0 days 00:15:24.616000,279.22160243399463
0 days 00:15:25.616000,2621.212121200188
0 days 00:15:26.616000,165.9293892488785
0 days 00:15:27.616000,2450.6944444349183
0 days 00:15:28.616000,165.45327882657423
0 days 00:15:29.616000,1375.269396554644
0 days 00:15:30.616000,2565.104166654733
0 days 00:15:31.616000,3790.322580627254
0 days 00:15:32.616000,3789.0624999820984
0 days 00:15:33.616000,3789.062500035384
0 days 00:15:34.616000,1983.225108216174
0 days 00:15:35.616000,3794.64285712495
0 days 00:15:36.616000,505.68241607949
0 days 00:15:37.616000,1297.4683544303277
0 days 00:15:38.616000,2569.524357487105
0 days 00:15:39.616000,215.336134453791
0 days 00:15:40.616000,2616.6666666902524
0 days 00:15:41.616000,158.18287003968163
0 days 00:15:42.616000,791.4272030651487
0 days 00:15:43.616000,3157.4675324570467
0 days 00:15:44.616000,2549.072015044054
0 days 00:15:45.616000,80.64516129031952
0 days 00:15:46.616000,954.7514974906716
0 days 00:15:47.616000,787.128712869838
0 days 00:15:48.616000,673.3103061978934
0 days 00:15:49.616000,2617.4568965397984
0 days 00:15:50.616000,947.1544715446831
0 days 00:15:51.616000,170.96774193545892
0 days 00:15:52.616000,1919.1726718380667
0 days 00:15:53.616000,750.8894362335094
0 days 00:15:54.616000,1286.7647058823043
0 days 00:15:55.616000,70.09345794392569
0 days 00:15:56.616000,175.60664112384174
0 days 00:15:57.616000,2612.7450980272774
0 days 00:15:58.616000,732.328743568361
0 days 00:15:59.616000,1285.377358490516
0 days 00:16:00.616000,68.80733944954466
0 days 00:16:01.616000,176.18534482760342
0 days 00:16:02.616000,150.9009009008995
0 days 00:16:03.616000,2619.101633381864
0 days 00:16:04.616000,177.0320197044721
0 days 00:16:05.616000,2627.9761904642523
0 days 00:16:06.616000,1308.5776925125326
0 days 00:16:07.616000,1912.4999999910492
0 days 00:16:08.616000,72.11538461538517
0 days 00:16:09.616000,1306.052438130825
0 days 00:16:10.616000,175.6066411238336
0 days 00:16:11.616000,1644.7368421074489
0 days 00:16:12.616000,1290.7608695651707
0 days 00:16:13.616000,73.5294117647031
0 days 00:16:14.616000,738.8392857142516
0 days 00:16:15.616000,1290.7608695651707
0 days 00:16:16.616000,74.25742574257492
0 days 00:16:17.616000,952.4349667271026
0 days 00:16:18.616000,3784.7222222043197
0 days 00:16:19.616000,139.59255615678018
0 days 00:16:20.616000,949.1341991341592
0 days 00:16:21.616000,1910.7142857053364
0 days 00:16:22.616000,68.80733944954466
0 days 00:16:23.616000,176.18534482760342
0 days 00:16:24.616000,1797.8142606557087
0 days 00:16:25.616000,88.2352941176388
0 days 00:16:26.616000,1371.7948717977833
0 days 00:16:27.616000,973.9077669924732
0 days 00:16:28.616000,139.2507476137781
0 days 00:16:29.616000,2901.1936339454937
0 days 00:16:30.616000,959.8628105301574
0 days 00:16:31.616000,1138.4498722854846
0 days 00:16:32.616000,2599.8590225474336
0 days 00:16:33.616000,3792.134831442769
0 days 00:16:34.616000,73.52941176471334
0 days 00:16:35.616000,1598.5877209171251
0 days 00:16:36.616000,165.26442307693415
0 days 00:16:37.616000,1285.0467289719156
0 days 00:16:38.616000,972.5467289708171
0 days 00:16:39.616000,1991.8290854483034
0 days 00:16:40.616000,162.63440860218134
0 days 00:16:41.616000,79.78723404254615
0 days 00:16:42.616000,1371.7948717977833
0 days 00:16:43.616000,682.4712643670547
0 days 00:16:44.616000,3802.0833333154255
0 days 00:16:45.616000,63.02521008403373
0 days 00:16:46.616000,888.3049414038582
0 days 00:16:47.616000,977.8225806473447
0 days 00:16:48.616000,1286.4077669902408
0 days 00:16:49.616000,1287.1287128712402
0 days 00:16:50.616000,85.7142857142873
0 days 00:16:51.616000,940.9385113268276
0 days 00:16:52.616000,2615.367383500591
0 days 00:16:53.616000,188.27639751550936
0 days 00:16:54.616000,156.87865022712458
0 days 00:16:55.616000,209.86281053021875
0 days 00:16:56.616000,1376.5294771998113
0 days 00:16:57.616000,982.424677190129
0 days 00:16:58.616000,82.417582417575
0 days 00:16:59.616000,748.5322896274009
0 days 00:17:00.616000,86.74722150427121
0 days 00:17:01.616000,1360.8058607998908
0 days 00:17:02.616000,190.7857546636609
0 days 00:17:03.616000,161.6037219485623
0 days 00:17:04.616000,2032.6611247858198
0 days 00:17:05.616000,184.60424710427893
0 days 00:17:06.616000,2623.655913966547
0 days 00:17:07.616000,1919.9246771790026
0 days 00:17:08.616000,1918.1034482669147
0 days 00:17:09.616000,76.53061224490986
0 days 00:17:10.616000,1911.0576922987348
0 days 00:17:11.616000,141.2664203612562
0 days 00:17:12.616000,165.61059907842716
0 days 00:17:13.616000,2622.1804511868636
0 days 00:17:14.616000,2610.176282039387
0 days 00:17:15.616000,70.75471698113572
0 days 00:17:16.616000,180.22486772489808
0 days 00:17:17.616000,1913.6968085016879
0 days 00:17:18.616000,1912.4999999910492
0 days 00:17:19.616000,72.81553398059651
0 days 00:17:20.616000,174.3421052632574
0 days 00:17:21.616000,2557.9613590819977
0 days 00:17:22.616000,2623.018042634304
0 days 00:17:23.616000,3792.134831442769
0 days 00:17:24.616000,147.2470733796757
0 days 00:17:25.616000,3874.99999998209
0 days 00:17:26.616000,1293.481548693368
0 days 00:17:27.616000,169.11764705882942
0 days 00:17:28.616000,165.61059907831626
0 days 00:17:29.616000,3796.874999982104
0 days 00:17:30.616000,2556.7602040696984
0 days 00:17:31.616000,66.37168141592947
0 days 00:17:32.616000,2628.5797778957317
0 days 00:17:33.616000,88.4046052631607
0 days 00:17:34.616000,175.60664112377836
0 days 00:17:35.616000,205.61309276518747
0 days 00:17:36.616000,66.96428571427185
0 days 00:17:37.616000,1284.7222222162616
0 days 00:17:38.616000,104.16666666666272
0 days 00:17:39.616000,2602.946916459597
0 days 00:17:40.616000,124.99999999999527
0 days 00:17:41.616000,3790.760869547306
0 days 00:17:42.616000,2547.1422611478542
0 days 00:17:43.616000,65.78947368420803
0 days 00:17:44.616000,173.4279918864218
0 days 00:17:45.616000,3782.8947368241984
0 days 00:17:46.616000,72.81553398059651
0 days 00:17:47.616000,3786.4077669723824
0 days 00:17:48.616000,3779.069767423957
0 days 00:17:49.616000,149.56140350876404
0 days 00:17:50.616000,1958.625041368071
0 days 00:17:51.616000,3767.688679227378
0 days 00:17:52.616000,3779.5275591437917
0 days 00:17:53.616000,1289.06249999403
0 days 00:17:54.616000,1910.7142857053364
0 days 00:17:55.616000,974.2682399337128
0 days 00:17:56.616000,1910.377358481615
0 days 00:17:57.616000,1910.377358481615
0 days 00:17:58.616000,70.75471698113572
0 days 00:17:59.616000,72.81553398057642
0 days 00:18:00.616000,3783.7837837658813
0 days 00:18:01.616000,673.3103062001138
0 days 00:18:02.616000,169.66904063676066
0 days 00:18:03.616000,3800.6756756577615
0 days 00:18:04.616000,1354.9170059445376
0 days 00:18:05.616000,1911.0576922987448
0 days 00:18:06.616000,558.7563792644847
0 days 00:18:07.616000,935.1325757536255
0 days 00:18:08.616000,109.90712074302579
0 days 00:18:09.616000,947.9493207980678
0 days 00:18:10.616000,179.34782608696094
0 days 00:18:11.616000,173.70129870129512
0 days 00:18:12.616000,183.27067669177384
0 days 00:18:13.616000,1988.6363636274027
0 days 00:18:14.616000,1362.4031007692274
0 days 00:18:15.616000,1294.6428571487293
0 days 00:18:16.616000,1293.4236947790687
0 days 00:18:17.616000,1912.1287128623346
0 days 00:18:18.616000,69.44444444444181
0 days 00:18:19.616000,167.26403823176346
0 days 00:18:20.616000,149.79460093897123
0 days 00:18:21.616000,630.9550816707438
0 days 00:18:22.616000,759.965473950008
0 days 00:18:23.616000,1321.787148588408
0 days 00:18:24.616000,943.5786914195543
0 days 00:18:25.616000,3797.4683544124696
0 days 00:18:26.616000,83.86431784107764
0 days 00:18:27.616000,85.22727272727867
0 days 00:18:28.616000,76.53061224490986
0 days 00:18:29.616000,3790.322580627248
0 days 00:18:30.616000,35.54502369668511
0 days 00:18:31.616000,1319.9003989253645
0 days 00:18:32.616000,2604.2557741540436
0 days 00:18:33.616000,40.98360655737868
0 days 00:18:34.616000,2022.6549235903565
0 days 00:18:35.616000,70.75471698113572
0 days 00:18:36.616000,1910.377358508251
0 days 00:18:37.616000,72.81553398057642
0 days 00:18:38.616000,747.1804511292153
0 days 00:18:39.616000,70.75471698113572
0 days 00:18:40.616000,2546.72897195068
0 days 00:18:41.616000,3785.7142856963837
0 days 00:18:42.616000,171.87499999998795
0 days 00:18:43.616000,75.00000000000426
0 days 00:18:44.616000,2561.256311244379
0 days 00:18:45.616000,2614.615987448891
0 days 00:18:46.616000,3787.4999999820966
0 days 00:18:47.616000,77.31958762885927
0 days 00:18:48.616000,68.18181818182734
0 days 00:18:49.616000,2546.091758696641
0 days 00:18:50.616000,70.75471698113572
0 days 00:18:51.616000,1286.057692301729
0 days 00:18:52.616000,75.00000000000426
0 days 00:18:53.616000,149.15116729631998
0 days 00:18:54.616000,952.3809523769737
0 days 00:18:55.616000,1905.737704935722
0 days 00:18:56.616000,2393.4659090797186
0 days 00:18:57.616000,2034.7062211892298
0 days 00:18:58.616000,1921.2962963139792
0 days 00:18:59.616000,88.43112775696122
0 days 00:19:00.616000,3790.3225806272603
0 days 00:19:01.616000,977.8225806406895
0 days 00:19:02.616000,976.5625000021835
0 days 00:19:03.616000,884.6167332872773
0 days 00:19:04.616000,184.4574036511451
0 days 00:19:05.616000,2901.785714325565
0 days 00:19:06.616000,95.04067584479874
0 days 00:19:07.616000,626.0454194555575
0 days 00:19:08.616000,120.96774193546081
0 days 00:19:09.616000,890.6284760916056
0 days 00:19:10.616000,119.04761904758769
0 days 00:19:11.616000,166.43905769888988
0 days 00:19:12.616000,1996.5989985431897
0 days 00:19:13.616000,277.77777777791346
0 days 00:19:14.616000,155.3432467439782
0 days 00:19:15.616000,2010.295566493543
0 days 00:19:16.616000,1025.5282180293805
0 days 00:19:17.616000,40.760869565217945
0 days 00:19:18.616000,2535.717525393112
0 days 00:19:19.616000,70.75471698111674
0 days 00:19:20.616000,68.80733944955362
0 days 00:19:21.616000,67.56756756755635
0 days 00:19:22.616000,3792.7018633894186
0 days 00:19:23.616000,3792.6136363457335
0 days 00:19:24.616000,3792.134831442769
0 days 00:19:25.616000,3790.7608695473186
0 days 00:19:26.616000,3778.195488703897
0 days 00:19:27.616000,65.78947368422443
0 days 00:19:28.616000,2549.960815035084
0 days 00:19:29.616000,3785.3773584726623
0 days 00:19:30.616000,70.09345794392569
0 days 00:19:31.616000,2609.14267635631
0 days 00:19:32.616000,69.44444444446009
0 days 00:19:33.616000,1989.432640188951
0 days 00:19:34.616000,267.8571428572233
0 days 00:19:35.616000,67.88581258191275
0 days 00:19:36.616000,171.87499999998795
0 days 00:19:37.616000,74.25742574257492
0 days 00:19:38.616000,72.11538461539502
0 days 00:19:39.616000,2554.012345738122
0 days 00:19:40.616000,198.2230392156505
0 days 00:19:41.616000,117.49387254900358
0 days 00:19:42.616000,36.76470588235667
0 days 00:19:43.616000,973.9077669924732
0 days 00:19:44.616000,974.2647058778751
0 days 00:19:45.616000,3785.0467290606384
0 days 00:19:46.616000,68.83051275574101
0 days 00:19:47.616000,179.98602050328915
0 days 00:19:48.616000,75.75757575756201
0 days 00:19:49.616000,2616.3594469926593
0 days 00:19:50.616000,74.25742574257492
0 days 00:19:51.616000,67.5730519480581
0 days 00:19:52.616000,2619.406196201425
0 days 00:19:53.616000,187.50000000004545
0 days 00:19:54.616000,199.361420732366
0 days 00:19:55.616000,966.4786967378899
0 days 00:19:56.616000,98.10498071442382
0 days 00:19:57.616000,2051.471099462608
0 days 00:19:58.616000,2620.45347188226
0 days 00:19:59.616000,156.51260504201213
0 days 00:20:00.616000,2588.693633946246
0 days 00:20:01.616000,975.7653061246288
0 days 00:20:02.616000,1042.5991048548603
0 days 00:20:03.616000,1071.4285714306607
0 days 00:20:04.616000,1595.0626959505087
0 days 00:20:05.616000,2065.820993022427
0 days 00:20:06.616000,2571.442648785853
0 days 00:20:07.616000,212.30660329660546
0 days 00:20:08.616000,168.80966296516908
0 days 00:20:09.616000,633.2641949712438
0 days 00:20:10.616000,3789.473684192621
0 days 00:20:11.616000,72.81553398059651
0 days 00:20:12.616000,149.58464958464256
0 days 00:20:13.616000,632.6115216212689
0 days 00:20:14.616000,122.95081967211694
0 days 00:20:15.616000,2610.9593717873227
0 days 00:20:16.616000,950.7902298889793
0 days 00:20:17.616000,1908.4821428748285
0 days 00:20:18.616000,75.61697431781923
0 days 00:20:19.616000,943.1251355492782
0 days 00:20:20.616000,1360.76564321205
0 days 00:20:21.616000,66.96428571428883
0 days 00:20:22.616000,170.1807228915624
0 days 00:20:23.616000,171.87500000010635
0 days 00:20:24.616000,175.0420521446633
0 days 00:20:25.616000,169.11764705881467
0 days 00:20:26.616000,3789.240403365312
0 days 00:20:27.616000,158.09645480674828
0 days 00:20:28.616000,176.36986301370862
0 days 00:20:29.616000,176.1853448275951
0 days 00:20:30.616000,3795.1807228736616
0 days 00:20:31.616000,152.48034697747767
0 days 00:20:32.616000,3792.134831442769
0 days 00:20:33.616000,137.1856241926899
0 days 00:20:34.616000,176.7786992579775
0 days 00:20:35.616000,200.79507310697986
0 days 00:20:36.616000,165.0853889942802
0 days 00:20:37.616000,166.69944925253753
0 days 00:20:38.616000,162.36822289163206
0 days 00:20:39.616000,3795.1807228736616
0 days 00:20:40.616000,611.0248447209768
0 days 00:20:41.616000,165.61059907831626
0 days 00:20:42.616000,944.4662995056075
0 days 00:20:43.616000,77.30348776679054
0 days 00:20:44.616000,2618.055555543614
0 days 00:20:45.616000,166.07505070995398
0 days 00:20:46.616000,170.96774193546838
0 days 00:20:47.616000,178.6524500907646
0 days 00:20:48.616000,163.48379629635136
0 days 00:20:49.616000,948.3122362829345
0 days 00:20:50.616000,76.28928898383222
0 days 00:20:51.616000,972.2222222182554
0 days 00:20:52.616000,268.59611907113333
0 days 00:20:53.616000,2001.4730639667546
0 days 00:20:54.616000,185.28049408132767
0 days 00:20:55.616000,162.6541421166285
0 days 00:20:56.616000,1999.9999999910424
0 days 00:20:57.616000,1296.5609840550212
0 days 00:20:58.616000,170.731707317072
0 days 00:20:59.616000,170.73170731705613
0 days 00:21:00.616000,2019.7523585349015
0 days 00:21:01.616000,1381.410256422029
0 days 00:21:02.616000,2611.471861530932
0 days 00:21:03.616000,148.27280463507677
0 days 00:21:04.616000,190.7857546635628
0 days 00:21:05.616000,2000.2755200350998
0 days 00:21:06.616000,68.80733944953569
0 days 00:21:07.616000,1086.4998808154935
0 days 00:21:08.616000,64.10256410256946
0 days 00:21:09.616000,946.4285714245881
0 days 00:21:10.616000,1907.6086956432266
0 days 00:21:11.616000,65.21739130434267
0 days 00:21:12.616000,172.4137931034699
0 days 00:21:13.616000,3799.3421052452563
0 days 00:21:14.616000,137.03872092142015
0 days 00:21:15.616000,169.11764705881467
0 days 00:21:16.616000,171.44517628827722
0 days 00:21:17.616000,169.11764705881467
0 days 00:21:18.616000,1483.1812393953905
0 days 00:21:19.616000,65.21739130435878
0 days 00:21:20.616000,165.0853889942802
0 days 00:21:21.616000,169.64285714285072
0 days 00:21:22.616000,172.4137931034699
0 days 00:21:23.616000,3798.0769230590154
0 days 00:21:24.616000,142.68837803322063
0 days 00:21:25.616000,172.46835443037037
0 days 00:21:26.616000,197.5308641975288
0 days 00:21:27.616000,971.5909090864373
0 days 00:21:28.616000,162.36822289152798
0 days 00:21:29.616000,170.1807228915624
0 days 00:21:30.616000,175.31556802242648
0 days 00:21:31.616000,159.78057889822372
0 days 00:21:32.616000,942.2675026083649
0 days 00:21:33.616000,2607.1947675009474
0 days 00:21:34.616000,1284.7222222280946
0 days 00:21:35.616000,72.11538461537532
0 days 00:21:36.616000,2610.5925324556397
0 days 00:21:37.616000,68.80733944953569
0 days 00:21:38.616000,141.65706605221706
0 days 00:21:39.616000,176.77869925786786
0 days 00:21:40.616000,197.15447154471153
0 days 00:21:41.616000,173.4279918864218
0 days 00:21:42.616000,169.11764705881467
0 days 00:21:43.616000,949.6607118088008
0 days 00:21:44.616000,67.56756756757366
0 days 00:21:45.616000,167.8427419355644
0 days 00:21:46.616000,1989.5890348387084
0 days 00:21:47.616000,165.3225806451612
0 days 00:21:48.616000,1368.0555555495823
0 days 00:21:49.616000,66.96428571428883
0 days 00:21:50.616000,162.6344086021259
0 days 00:21:51.616000,180.80357142862098
0 days 00:21:52.616000,144.7477253928689
0 days 00:21:53.616000,171.87499999998795
0 days 00:21:54.616000,194.84269215456894
0 days 00:21:55.616000,169.64285714285072
0 days 00:21:56.616000,950.4044274119577
0 days 00:21:57.616000,1284.4036697188083
0 days 00:21:58.616000,70.09345794392569
0 days 00:21:59.616000,173.07692307691653
0 days 00:22:00.616000,169.11764705882942
0 days 00:22:01.616000,144.7963800904906
0 days 00:22:02.616000,170.731707317072
0 days 00:22:03.616000,938.5964912240926
0 days 00:22:04.616000,168.6046511627795
0 days 00:22:05.616000,1920.731707308124
0 days 00:22:06.616000,160.8613589567399
0 days 00:22:07.616000,188.06529112492512
0 days 00:22:08.616000,971.2837837859718
0 days 00:22:09.616000,168.10344827584868
0 days 00:22:10.616000,165.61059907842716
0 days 00:22:11.616000,165.61059907831626
0 days 00:22:12.616000,3799.3421052452563
0 days 00:22:13.616000,1980.4353142488205
0 days 00:22:14.616000,3810.483870949825
0 days 00:22:15.616000,161.4077669902935
0 days 00:22:16.616000,169.11764705881467
0 days 00:22:17.616000,167.13483146067006
0 days 00:22:18.616000,146.48285878840832
0 days 00:22:19.616000,168.10344827584868
0 days 00:22:20.616000,167.6136363636346
0 days 00:22:21.616000,165.7608695652195
0 days 00:22:22.616000,171.44517628827722
0 days 00:22:23.616000,192.71412680753966
0 days 00:22:24.616000,3794.1176470409287
0 days 00:22:25.616000,159.09090909090014
0 days 00:22:26.616000,177.38726790441447
0 days 00:22:27.616000,3795.731707299171
0 days 00:22:28.616000,162.20508166970643
0 days 00:22:29.616000,947.9493207980771
0 days 00:22:30.616000,1908.185840725649
0 days 00:22:31.616000,79.51549110085489
0 days 00:22:32.616000,162.36822289163206
0 days 00:22:33.616000,201.59151193627315
0 days 00:22:34.616000,3805.147058805614
0 days 00:22:35.616000,162.87878787878714
0 days 00:22:36.616000,171.2962962962817
0 days 00:22:37.616000,162.17653314426119
0 days 00:22:38.616000,142.50700280111343
0 days 00:22:39.616000,1375.000000005869
0 days 00:22:40.616000,880.2827249710414
0 days 00:22:41.616000,167.26403823176346
0 days 00:22:42.616000,171.8750000000046
0 days 00:22:43.616000,179.31034482759105
0 days 00:22:44.616000,948.3122362908294
0 days 00:22:45.616000,1284.0909090967787
0 days 00:22:46.616000,75.79947707160407
0 days 00:22:47.616000,2609.054252187463
0 days 00:22:48.616000,165.71811181789064
0 days 00:22:49.616000,193.4523809522964
0 days 00:22:50.616000,180.97014925383894
0 days 00:22:51.616000,2558.650065518855
0 days 00:22:52.616000,1379.3103448216339
0 days 00:22:53.616000,1294.247787604651
0 days 00:22:54.616000,169.11764705882942
0 days 00:22:55.616000,174.9999999999839
0 days 00:22:56.616000,174.34210526315744
0 days 00:22:57.616000,3799.3421052452563
0 days 00:22:58.616000,139.47552662759367
0 days 00:22:59.616000,177.08333333332664
0 days 00:23:00.616000,1354.6836228405607
0 days 00:23:01.616000,3793.1034482579616
0 days 00:23:02.616000,3786.0576922897917
0 days 00:23:03.616000,3788.265306104538
0 days 00:23:04.616000,1982.3287435594318
0 days 00:23:05.616000,63.559322033901
0 days 00:23:06.616000,170.97701149426751
0 days 00:23:07.616000,192.06838226408726
0 days 00:23:08.616000,944.7565543110292
0 days 00:23:09.616000,64.65517241378538
0 days 00:23:10.616000,162.17653314426119
0 days 00:23:11.616000,167.13483146067006
0 days 00:23:12.616000,171.2962962962817
0 days 00:23:13.616000,171.29629629629792
0 days 00:23:14.616000,169.11764705881467
0 days 00:23:15.616000,66.37168141592947
0 days 00:23:16.616000,1987.4743731845808
0 days 00:23:17.616000,161.40776699028348
0 days 00:23:18.616000,175.00000000000284
0 days 00:23:19.616000,170.731707317072
0 days 00:23:20.616000,168.6046511627795
0 days 00:23:21.616000,170.97701149426751
0 days 00:23:22.616000,168.60465116289794
0 days 00:23:23.616000,950.4044274198417
0 days 00:23:24.616000,79.82261640798158
0 days 00:23:25.616000,167.8427419354535
0 days 00:23:26.616000,200.79022988507134
0 days 00:23:27.616000,170.731707317072
0 days 00:23:28.616000,166.14846482702794
0 days 00:23:29.616000,168.4360963658359
0 days 00:23:30.616000,167.84274193547014
0 days 00:23:31.616000,167.26403823185814
0 days 00:23:32.616000,145.48786544023952
0 days 00:23:33.616000,204.5454545454468
0 days 00:23:34.616000,1369.707661284343
0 days 00:23:35.616000,1288.2653061164863
0 days 00:23:36.616000,1284.4036697188083
0 days 00:23:37.616000,76.79049187076339
0 days 00:23:38.616000,165.0853889942802
0 days 00:23:39.616000,2610.407066111328
0 days 00:23:40.616000,158.78378378377346
0 days 00:23:41.616000,186.12852664578207
0 days 00:23:42.616000,163.29543451441853
0 days 00:23:43.616000,208.00176834660496
0 days 00:23:44.616000,167.26403823174724
0 days 00:23:45.616000,1361.1329661801535
0 days 00:23:46.616000,68.18181818180973
0 days 00:23:47.616000,65.21739130435878
0 days 00:23:48.616000,167.8427419354535
0 days 00:23:49.616000,142.75935882117105
0 days 00:23:50.616000,178.57142857142907
0 days 00:23:51.616000,207.6502732240518
0 days 00:23:52.616000,187.0026525198869
0 days 00:23:53.616000,1361.1329661801535
0 days 00:23:54.616000,1281.7796610228165
0 days 00:23:55.616000,1908.1858406990118
0 days 00:23:56.616000,78.62644415918074
0 days 00:23:57.616000,2618.0555556146683
0 days 00:23:58.616000,165.32258064514886
0 days 00:23:59.616000,186.12852664578207
0 days 00:24:00.616000,145.40229885057082
0 days 00:24:01.616000,167.13483146067006
0 days 00:24:02.616000,1375.000000005869
0 days 00:24:03.616000,878.5905417173018
0 days 00:24:04.616000,175.60664112388883
0 days 00:24:05.616000,171.29629629629792
0 days 00:24:06.616000,179.31034482759105
0 days 00:24:07.616000,167.51308375421397
0 days 00:24:08.616000,203.0409946236417
0 days 00:24:09.616000,176.36986301368862
0 days 00:24:10.616000,3793.60465125146
0 days 00:24:11.616000,157.6086956521666
0 days 00:24:12.616000,169.64285714285072
0 days 00:24:13.616000,1359.7149287262043
0 days 00:24:14.616000,1283.1858407138384
0 days 00:24:15.616000,2552.8477546430445
0 days 00:24:16.616000,933.6007130085276
0 days 00:24:17.616000,71.4285714285784
0 days 00:24:18.616000,3796.874999982104
0 days 00:24:19.616000,3786.057692289782
0 days 00:24:20.616000,145.8810068649918
0 days 00:24:21.616000,195.62406424388746
0 days 00:24:22.616000,165.61059907833135
0 days 00:24:23.616000,175.0420521445524
0 days 00:24:24.616000,175.00000000000284
0 days 00:24:25.616000,158.85093167696598
0 days 00:24:26.616000,1379.3103448216339
0 days 00:24:27.616000,133.7014230345365
0 days 00:24:28.616000,169.11764705881467
0 days 00:24:29.616000,170.1807228915624
0 days 00:24:30.616000,171.8750000000046
0 days 00:24:31.616000,165.61059907831626
0 days 00:24:32.616000,168.6046511627795
0 days 00:24:33.616000,175.6066411239051
0 days 00:24:34.616000,946.0784313764589
0 days 00:24:35.616000,80.95049728752811
0 days 00:24:36.616000,167.8427419354535
0 days 00:24:37.616000,207.83031522470608
0 days 00:24:38.616000,175.31556802242648
0 days 00:24:39.616000,179.66027874555243
0 days 00:24:40.616000,148.27935222671914
0 days 00:24:41.616000,168.6046511627939
0 days 00:24:42.616000,1370.9677419294921
0 days 00:24:43.616000,135.04330943845568
0 days 00:24:44.616000,944.8426921584247
0 days 00:24:45.616000,67.56756756755635
0 days 00:24:46.616000,3795.1807228736616
0 days 00:24:47.616000,165.36803713529991
0 days 00:24:48.616000,145.18546775272702
0 days 00:24:49.616000,173.78464334391305
0 days 00:24:50.616000,940.2515723309516
0 days 00:24:51.616000,168.436096365853
0 days 00:24:52.616000,191.62087912092136
0 days 00:24:53.616000,158.17110655740257
0 days 00:24:54.616000,207.3412698412922
0 days 00:24:55.616000,161.72861150067246
0 days 00:24:56.616000,1358.1176887568722
0 days 00:24:57.616000,1282.8947368479778
0 days 00:24:58.616000,1907.0512820423319
0 days 00:24:59.616000,48.387096774193196
0 days 00:25:00.616000,2030.9701074698041
0 days 00:25:01.616000,179.31034482759105
0 days 00:25:02.616000,2580.982236142717
0 days 00:25:03.616000,184.6205962060176
0 days 00:25:04.616000,180.22486772491433
0 days 00:25:05.616000,2627.873563206463
0 days 00:25:06.616000,1304.0556334853718
0 days 00:25:07.616000,185.28049408132767
0 days 00:25:08.616000,162.28230422598938
0 days 00:25:09.616000,1364.5382395323004
0 days 00:25:10.616000,186.01190476194301
0 days 00:25:11.616000,183.65817091454568
0 days 00:25:12.616000,951.59151193237
0 days 00:25:13.616000,2556.719563588359
0 days 00:25:14.616000,165.71811181790068
0 days 00:25:15.616000,182.1272462359279
0 days 00:25:16.616000,168.99288451014954
0 days 00:25:17.616000,1097.5285490459753
0 days 00:25:18.616000,1912.8787878964736
0 days 00:25:19.616000,65.21739130434267
0 days 00:25:20.616000,178.04621848743108
0 days 00:25:21.616000,151.569165861364
0 days 00:25:22.616000,178.5714285714671
0 days 00:25:23.616000,174.49106771916956
0 days 00:25:24.616000,200.40442741593355
0 days 00:25:25.616000,169.64285714285072
0 days 00:25:26.616000,175.0420521445524
0 days 00:25:27.616000,189.56456456449726
0 days 00:25:28.616000,1365.8008658126585
0 days 00:25:29.616000,85.05639097744171
0 days 00:25:30.616000,209.2763946212542
0 days 00:25:31.616000,178.6524500907646
0 days 00:25:32.616000,187.5000000000237
0 days 00:25:33.616000,961.6815476150997
0 days 00:25:34.616000,885.4392820918437
0 days 00:25:35.616000,3807.692307674404
0 days 00:25:36.616000,154.61936483733842
0 days 00:25:37.616000,213.3973996608422
0 days 00:25:38.616000,1070.8411654090776
0 days 00:25:39.616000,2041.5324617821796
0 days 00:25:40.616000,205.97014925386168
0 days 00:25:41.616000,161.26168777364708
0 days 00:25:42.616000,201.57428006426304
0 days 00:25:43.616000,192.4603174602443
0 days 00:25:44.616000,1998.7432617348825
0 days 00:25:45.616000,182.1272462359279
0 days 00:25:46.616000,203.10685249712242
0 days 00:25:47.616000,3796.8750000886685
0 days 00:25:48.616000,167.57565095004625
0 days 00:25:49.616000,2620.0980392037395
0 days 00:25:50.616000,84.00371287129678
0 days 00:25:51.616000,2621.418164145433
0 days 00:25:52.616000,167.97013864203205
0 days 00:25:53.616000,2607.808857796949
0 days 00:25:54.616000,173.95320197045788
0 days 00:25:55.616000,148.43633378117184
0 days 00:25:56.616000,175.60664112388883
0 days 00:25:57.616000,623.2353117844073
0 days 00:25:58.616000,67.56756756757366
0 days 00:25:59.616000,179.98602050326969
0 days 00:26:00.616000,161.3991172663382
0 days 00:26:01.616000,175.6066411239051
0 days 00:26:02.616000,172.91499599038667
0 days 00:26:03.616000,198.60999732693088
0 days 00:26:04.616000,176.7786992579775
0 days 00:26:05.616000,1366.6947014414966
0 days 00:26:06.616000,67.56756756755635
0 days 00:26:07.616000,170.1807228915624
0 days 00:26:08.616000,2556.2499999880706
0 days 00:26:09.616000,179.98602050326969
0 days 00:26:10.616000,2613.8211381994442
0 days 00:26:11.616000,3785.7142856963837
0 days 00:26:12.616000,154.75152571924764
0 days 00:26:13.616000,170.1807228915624
0 days 00:26:14.616000,176.7786992579775
0 days 00:26:15.616000,157.31607341198153
0 days 00:26:16.616000,777.4930102486579
0 days 00:26:17.616000,75.75757575758377
0 days 00:26:18.616000,3100.630252086527
0 days 00:26:19.616000,178.0462184873099
0 days 00:26:20.616000,196.4285714286093
0 days 00:26:21.616000,1064.3051206571959
0 days 00:26:22.616000,3780.991735519282
0 days 00:26:23.616000,65.78947368420803
0 days 00:26:24.616000,1367.0710940766348
0 days 00:26:25.616000,1909.7222222399134
0 days 00:26:26.616000,1285.3773584845992
0 days 00:26:27.616000,68.80733944953569
0 days 00:26:28.616000,946.428571432483
0 days 00:26:29.616000,1285.0467289659944
0 days 00:26:30.616000,139.81297583581687
0 days 00:26:31.616000,182.12724623605465
0 days 00:26:32.616000,2564.4873458673624
0 days 00:26:33.616000,1648.9574979936538
0 days 00:26:34.616000,78.12499999999704
0 days 00:26:35.616000,3795.1807228736616
0 days 00:26:36.616000,1360.9593717932914
0 days 00:26:37.616000,3784.7222223108965
0 days 00:26:38.616000,82.79220779220472
0 days 00:26:39.616000,2892.6886792318523
0 days 00:26:40.616000,69.44444444446009
0 days 00:26:41.616000,173.4279918864218
0 days 00:26:42.616000,179.98602050326969
0 days 00:26:43.616000,957.8303152207303
0 days 00:26:44.616000,890.3106697263502
0 days 00:26:45.616000,939.3939393899603
0 days 00:26:46.616000,171.87499999998795
0 days 00:26:47.616000,172.46835443038745
0 days 00:26:48.616000,1909.090909081952
0 days 00:26:49.616000,971.5909090930986
0 days 00:26:50.616000,65.78947368420803
0 days 00:26:51.616000,143.31896551723867
0 days 00:26:52.616000,1374.9999999940267
0 days 00:26:53.616000,2546.520685464959
0 days 00:26:54.616000,2615.3673835005907
0 days 00:26:55.616000,975.7653061179785
0 days 00:26:56.616000,71.4285714285784
0 days 00:26:57.616000,1986.3330796460448
0 days 00:26:58.616000,70.09345794392569
0 days 00:26:59.616000,2609.14267635631
0 days 00:27:00.616000,65.78947368420803
0 days 00:27:01.616000,165.08538899429496
0 days 00:27:02.616000,2612.696443329651
0 days 00:27:03.616000,1285.0467289778367
0 days 00:27:04.616000,2556.0524381159744
0 days 00:27:05.616000,168.37284482760094
0 days 00:27:06.616000,1289.06249999403
0 days 00:27:07.616000,950.0000000039178
0 days 00:27:08.616000,70.75471698111674
0 days 00:27:09.616000,1988.7271874578246
0 days 00:27:10.616000,72.81553398057642
0 days 00:27:11.616000,2578.3410138189097
0 days 00:27:12.616000,70.09345794392569
0 days 00:27:13.616000,175.04205214467913
0 days 00:27:14.616000,1362.2907309045888
0 days 00:27:15.616000,1910.3773585082604
0 days 00:27:16.616000,82.58928571428885
0 days 00:27:17.616000,199.56140350875617
0 days 00:27:18.616000,178.6524500907646
0 days 00:27:19.616000,959.3837535053367
0 days 00:27:20.616000,904.0747028901459
0 days 00:27:21.616000,1181.5533205659738
0 days 00:27:22.616000,74.25742574257492
0 days 00:27:23.616000,3094.9993558920983
0 days 00:27:24.616000,249.99999999999054
0 days 00:27:25.616000,881.6436395280115
0 days 00:27:26.616000,181.39367816093377
0 days 00:27:27.616000,2621.6287678358162
0 days 00:27:28.616000,1603.1367150948895
0 days 00:27:29.616000,71.4285714285784
0 days 00:27:30.616000,182.8817733990362
0 days 00:27:31.616000,1996.937122031713
0 days 00:27:32.616000,168.7840290381292
0 days 00:27:33.616000,3784.0909090729992
0 days 00:27:34.616000,69.44444444444181
0 days 00:27:35.616000,162.24376291117775
0 days 00:27:36.616000,783.6072198246213
0 days 00:27:37.616000,77.31958762888193
0 days 00:27:38.616000,1910.04672896301
0 days 00:27:39.616000,68.80733944953569
0 days 00:27:40.616000,145.73914318525132
0 days 00:27:41.616000,176.18534482761174
0 days 00:27:42.616000,202.43496672708875
0 days 00:27:43.616000,2632.915173225873
0 days 00:27:44.616000,1994.9645925148366
0 days 00:27:45.616000,210.70387844302024
0 days 00:27:46.616000,182.69230769230498
0 days 00:27:47.616000,953.4313725450462
0 days 00:27:48.616000,72.11538461539502
0 days 00:27:49.616000,947.1544715407357
0 days 00:27:50.616000,155.5221273292109
0 days 00:27:51.616000,955.2545155953785
0 days 00:27:52.616000,64.65517241380121
0 days 00:27:53.616000,168.6046511627795
0 days 00:27:54.616000,1363.453815255073
0 days 00:27:55.616000,2553.7725225105937
0 days 00:27:56.616000,3789.062499982093
0 days 00:27:57.616000,3164.063589994931
0 days 00:27:58.616000,2539.0646800077698
0 days 00:27:59.616000,267.8571428572233
0 days 00:28:00.616000,1296.1074281769345
0 days 00:28:01.616000,1908.7837838014707
0 days 00:28:02.616000,1284.4036697306417
0 days 00:28:03.616000,1284.7222222162522
0 days 00:28:04.616000,68.18181818182734
0 days 00:28:05.616000,1304.9870618618243
0 days 00:28:06.616000,2619.990680323589
0 days 00:28:07.616000,2117.1452702607075
0 days 00:28:08.616000,1910.0467289896555
0 days 00:28:09.616000,1284.7222222162522
0 days 00:28:10.616000,68.18181818182734
0 days 00:28:11.616000,2617.5799086638553
0 days 00:28:12.616000,1989.690753262355
0 days 00:28:13.616000,788.2254464255626
0 days 00:28:14.616000,86.20689655173496
0 days 00:28:15.616000,158.8671815841186
0 days 00:28:16.616000,2013.986014030329
0 days 00:28:17.616000,177.38726790452367
0 days 00:28:18.616000,187.00265251991215
0 days 00:28:19.616000,1373.0158730276544
0 days 00:28:20.616000,887.4016054906189
0 days 00:28:21.616000,190.74675324679134
0 days 00:28:22.616000,955.7721139390663
0 days 00:28:23.616000,1287.4999999940335
0 days 00:28:24.616000,141.8650793650772
0 days 00:28:25.616000,188.8341543514231
0 days 00:28:26.616000,164.35097469580398
0 days 00:28:27.616000,1089.0474940812812
0 days 00:28:28.616000,71.4285714285784
0 days 00:28:29.616000,2613.539898120478
0 days 00:28:30.616000,1288.6597938203033
0 days 00:28:31.616000,84.59706730166256
0 days 00:28:32.616000,198.7179487179412
0 days 00:28:33.616000,169.66904063687156
0 days 00:28:34.616000,179.31034482759105
0 days 00:28:35.616000,2649.233898783677
0 days 00:28:36.616000,945.0757575717774
0 days 00:28:37.616000,83.33333333335649
0 days 00:28:38.616000,169.3318208431004
0 days 00:28:39.616000,2895.3804347691807
0 days 00:28:40.616000,78.12499999999704
0 days 00:28:41.616000,2559.722222281332
0 days 00:28:42.616000,204.26245210721527
0 days 00:28:43.616000,953.3240136648805
0 days 00:28:44.616000,1912.12871288898
0 days 00:28:45.616000,1912.1287128623346
0 days 00:28:46.616000,1987.0549092101949
0 days 00:28:47.616000,1289.8936170271409
0 days 00:28:48.616000,972.8773584860915
0 days 00:28:49.616000,68.80733944955362
0 days 00:28:50.616000,2558.536259019366
0 days 00:28:51.616000,1357.843137266693
0 days 00:28:52.616000,174.9999999999839
0 days 00:28:53.616000,3801.3698629958076
0 days 00:28:54.616000,1049.2818702912207
0 days 00:28:55.616000,179.10929432004286
0 days 00:28:56.616000,2041.246770016908
0 days 00:28:57.616000,2623.842592580696
0 days 00:28:58.616000,2618.6974789796836
0 days 00:28:59.616000,3794.1176470409137
0 days 00:29:00.616000,3787.128712853382
0 days 00:29:01.616000,153.7602468453803
0 days 00:29:02.616000,202.87356321840352
0 days 00:29:03.616000,173.07692307691653
0 days 00:29:04.616000,2793.3656417006023
0 days 00:29:05.616000,2280.8493589677946
0 days 00:29:06.616000,1808.2516339796978
0 days 00:29:07.616000,3524.585478160132
0 days 00:29:08.616000,2628.3068782948926
0 days 00:29:09.616000,3802.0833333154255
0 days 00:29:10.616000,2386.8352392186653
0 days 00:29:11.616000,1110.2150537596924
0 days 00:29:12.616000,2570.745511307349
0 days 00:29:13.616000,2047.9797980240533
0 days 00:29:14.616000,120.40441176469193
0 days 00:29:15.616000,2429.233870959874
0 days 00:29:16.616000,119.45601568243558
0 days 00:29:17.616000,230.8979147213399
0 days 00:29:18.616000,916.8192918157465
0 days 00:29:19.616000,1296.8749999940408
0 days 00:29:20.616000,1294.6428571487293
0 days 00:29:21.616000,1050.8293204877689
0 days 00:29:22.616000,81.5217391304233
0 days 00:29:23.616000,745.1402706987127
0 days 00:29:24.616000,198.41269841263122
0 days 00:29:25.616000,2566.2393162273884
0 days 00:29:26.616000,2622.4387805976903
0 days 00:29:27.616000,165.71811181777394
0 days 00:29:28.616000,179.98602050328915
0 days 00:29:29.616000,1995.2870405367094
0 days 00:29:30.616000,164.47368421052207
0 days 00:29:31.616000,169.6428571428658
0 days 00:29:32.616000,1368.2581785970472
0 days 00:29:33.616000,1286.0576923135613
0 days 00:29:34.616000,67.56756756757366
0 days 00:29:35.616000,188.11256311253217
0 days 00:29:36.616000,3806.8181819068554
0 days 00:29:37.616000,172.99107142847424
0 days 00:29:38.616000,3801.3698629958076
0 days 00:29:39.616000,562.4482401665563
0 days 00:29:40.616000,110.29411764708537
0 days 00:29:41.616000,57.25190839694647
0 days 00:29:42.616000,167.03402672545985
0 days 00:29:43.616000,204.67836257303497
0 days 00:29:44.616000,2555.8936777920608
0 days 00:29:45.616000,71.4285714285784
0 days 00:29:46.616000,165.71811181789064
0 days 00:29:47.616000,1287.5000000058758
0 days 00:29:48.616000,2568.1575195889095
0 days 00:29:49.616000,1368.6974790033348
0 days 00:29:50.616000,1294.642857136887
0 days 00:29:51.616000,153.4178187404059
0 days 00:29:52.616000,188.27639751544137
0 days 00:29:53.616000,3805.970149342401
0 days 00:29:54.616000,1041.8655040991516
0 days 00:29:55.616000,2112.74509803716
0 days 00:29:56.616000,79.78723404255821
0 days 00:29:57.616000,152.92100436173175
0 days 00:29:58.616000,783.5996240571405
0 days 00:29:59.616000,1665.0054979366405
0 days 00:30:00.616000,2546.41137181614
0 days 00:30:01.616000,2298.9965070361873
0 days 00:30:02.616000,72.81553398057642
0 days 00:30:03.616000,2616.2280701635013
0 days 00:30:04.616000,174.34210526315744
0 days 00:30:05.616000,670.8432092007841
0 days 00:30:06.616000,1995.0961538398547
0 days 00:30:07.616000,187.90409482758287
0 days 00:30:08.616000,3799.529421051383
0 days 00:30:09.616000,85.22727272727867
0 days 00:30:10.616000,179.31034482759105
0 days 00:30:11.616000,972.2222222244059
0 days 00:30:12.616000,83.45428156748912
0 days 00:30:13.616000,2616.2280701635013
0 days 00:30:14.616000,172.99107142861018
0 days 00:30:15.616000,75.75757575756201
0 days 00:30:16.616000,179.31034482761
0 days 00:30:17.616000,149.03452529055673
0 days 00:30:18.616000,179.98602050326969
0 days 00:30:19.616000,181.39367816093377
0 days 00:30:20.616000,1284.4036697306417
0 days 00:30:21.616000,1285.0467289659944
0 days 00:30:22.616000,1283.4821428630182
0 days 00:30:23.616000,77.30348776678414
0 days 00:30:24.616000,618.226600986319
0 days 00:30:25.616000,182.62987012977558
0 days 00:30:26.616000,644.5005611677315
0 days 00:30:27.616000,1997.302827371954
0 days 00:30:28.616000,167.13483146067006
0 days 00:30:29.616000,178.57142857142907
0 days 00:30:30.616000,175.6066411239051
0 days 00:30:31.616000,741.6947014312321
0 days 00:30:32.616000,67.56756756757366
0 days 00:30:33.616000,143.215720022945
0 days 00:30:34.616000,1703.2259612239375
0 days 00:30:35.616000,210.04948914428152
0 days 00:30:36.616000,180.68020784129578
0 days 00:30:37.616000,181.39367816093377
0 days 00:30:38.616000,177.38726790452367
0 days 00:30:39.616000,174.49106771916956
0 days 00:30:40.616000,168.6046511627795
0 days 00:30:41.616000,141.76931166470982
0 days 00:30:42.616000,175.59523809527676
0 days 00:30:43.616000,168.6046511627939
0 days 00:30:44.616000,205.25451559928908
0 days 00:30:45.616000,174.49106771916956
0 days 00:30:46.616000,173.95320197045788
0 days 00:30:47.616000,169.64285714285072
0 days 00:30:48.616000,169.11764705893307
0 days 00:30:49.616000,168.10344827584868
0 days 00:30:50.616000,176.542207792251
0 days 00:30:51.616000,148.06771355384635
0 days 00:30:52.616000,182.62987012977558
0 days 00:30:53.616000,472.70805702914964
0 days 00:30:54.616000,69.44444444444181
0 days 00:30:55.616000,176.18534482761174
0 days 00:30:56.616000,179.31034482759105
0 days 00:30:57.616000,1985.8398550972054
0 days 00:30:58.616000,66.37168141592947
0 days 00:30:59.616000,171.92398119124175
0 days 00:31:00.616000,619.1277605557016
0 days 00:31:01.616000,1282.327586200932
0 days 00:31:02.616000,65.21739130435878
0 days 00:31:03.616000,166.69944925253753
0 days 00:31:04.616000,175.60664112388883
0 days 00:31:05.616000,175.6066411239051
0 days 00:31:06.616000,66.96428571428883
0 days 00:31:07.616000,148.1760374832659
0 days 00:31:08.616000,2374.8768472905194
0 days 00:31:09.616000,1286.4077669843196
0 days 00:31:10.616000,68.18181818182734
0 days 00:31:11.616000,3796.2962963849623
0 days 00:31:12.616000,3785.7142856963737
0 days 00:31:13.616000,137.1856241926899
0 days 00:31:14.616000,241.93548387092162
0 days 00:31:15.616000,1907.0512820423319
0 days 00:31:16.616000,134.72452934662556
0 days 00:31:17.616000,170.731707317072
0 days 00:31:18.616000,2614.583333321388
0 days 00:31:19.616000,170.1807228915624
0 days 00:31:20.616000,161.30514705888436
0 days 00:31:21.616000,3799.3421052452563
0 days 00:31:22.616000,2428.9181692015895
0 days 00:31:23.616000,142.46611937513933
0 days 00:31:24.616000,2437.8881987465975
0 days 00:31:25.616000,78.12500000002017
0 days 00:31:26.616000,170.73170731705613
0 days 00:31:27.616000,153.06373377754673
0 days 00:31:28.616000,204.26245210728607
0 days 00:31:29.616000,2617.117117105184
0 days 00:31:30.616000,173.07692307691653
0 days 00:31:31.616000,170.731707317072
0 days 00:31:32.616000,166.14846482702794
0 days 00:31:33.616000,1970.5626679247755
0 days 00:31:34.616000,3867.187499982055
0 days 00:31:35.616000,138.56380861395883
0 days 00:31:36.616000,178.57142857142907
0 days 00:31:37.616000,179.34782608696094
0 days 00:31:38.616000,182.12724623605465
0 days 00:31:39.616000,79.76973684209669
0 days 00:31:40.616000,2615.3846154437283
0 days 00:31:41.616000,165.02463054188195
0 days 00:31:42.616000,537.5979505726422
0 days 00:31:43.616000,69.44444444444181
0 days 00:31:44.616000,170.731707317072
0 days 00:31:45.616000,146.22890295358647
0 days 00:31:46.616000,170.731707317072
0 days 00:31:47.616000,200.05135750366912
0 days 00:31:48.616000,178.01164352890228
0 days 00:31:49.616000,66.37168141592947
0 days 00:31:50.616000,173.95320197045788
0 days 00:31:51.616000,3794.117647147495
0 days 00:31:52.616000,154.44988479270762
0 days 00:31:53.616000,175.0420521446633
0 days 00:31:54.616000,139.4768334940766
0 days 00:31:55.616000,2620.45347188226
0 days 00:31:56.616000,204.96210118108365
0 days 00:31:57.616000,962.941628268144
0 days 00:31:58.616000,2559.2432573852825
0 days 00:31:59.616000,69.44444444444181
0 days 00:32:00.616000,205.0865800866045
0 days 00:32:01.616000,178.01164352890228
0 days 00:32:02.616000,176.1853448275951
0 days 00:32:03.616000,1283.1858407138384
0 days 00:32:04.616000,66.37168141592947
0 days 00:32:05.616000,3791.1261792273745
0 days 00:32:06.616000,67.56756756757366
0 days 00:32:07.616000,172.91499599038667
0 days 00:32:08.616000,2024.7455338506295
0 days 00:32:09.616000,3796.874999982104
0 days 00:32:10.616000,1276.041666660697
0 days 00:32:11.616000,65.21739130435878
0 days 00:32:12.616000,2615.276663981654
0 days 00:32:13.616000,2621.753246741337
0 days 00:32:14.616000,144.31801279191004
0 days 00:32:15.616000,2611.1329661564214
0 days 00:32:16.616000,164.35707379956526
0 days 00:32:17.616000,179.66027874567254
0 days 00:32:18.616000,65.78947368420803
0 days 00:32:19.616000,170.1807228915624
0 days 00:32:20.616000,3798.7012986833943
0 days 00:32:21.616000,2892.2018348489564
0 days 00:32:22.616000,2556.4814814695487
0 days 00:32:23.616000,2621.418164145433
0 days 00:32:24.616000,166.66666666666035
0 days 00:32:25.616000,165.65204157064707
0 days 00:32:26.616000,2626.52947718497
0 days 00:32:27.616000,3793.6046511448785
0 days 00:32:28.616000,2556.2081596444996
0 days 00:32:29.616000,1357.3717948835836
0 days 00:32:30.616000,175.04205214467913
0 days 00:32:31.616000,173.95320197045788
0 days 00:32:32.616000,170.1807228915624
0 days 00:32:33.616000,170.1807228915624
0 days 00:32:34.616000,148.32109408259876
0 days 00:32:35.616000,175.67567567566255
0 days 00:32:36.616000,201.38888888888127
0 days 00:32:37.616000,171.64341761114753
0 days 00:32:38.616000,175.67567567578095
0 days 00:32:39.616000,174.342105263139
0 days 00:32:40.616000,150.725711070549
0 days 00:32:41.616000,199.1341991341936
0 days 00:32:42.616000,176.18534482761174
0 days 00:32:43.616000,3796.296296278381
0 days 00:32:44.616000,3785.046728954057
0 days 00:32:45.616000,2554.068272141449
0 days 00:32:46.616000,782.8928773288437
0 days 00:32:47.616000,976.5624999955337
0 days 00:32:48.616000,65.78947368420803
0 days 00:32:49.616000,172.91499599040108
0 days 00:32:50.616000,3792.5545328278886
0 days 00:32:51.616000,70.75471698113572
0 days 00:32:52.616000,197.15447154471153
0 days 00:32:53.616000,168.6046511627795
0 days 00:32:54.616000,1359.380793486014
0 days 00:32:55.616000,66.37168141592947
0 days 00:32:56.616000,169.11764705881467
0 days 00:32:57.616000,170.1807228915624
0 days 00:32:58.616000,171.2962962964001
0 days 00:32:59.616000,145.44753086419402
0 days 00:33:00.616000,170.73170731705613
0 days 00:33:01.616000,197.9166666666666
0 days 00:33:02.616000,167.8427419355644
0 days 00:33:03.616000,168.4360963658359
0 days 00:33:04.616000,3796.2962962783968
0 days 00:33:05.616000,159.72222222221617
0 days 00:33:06.616000,167.8427419355644
0 days 00:33:07.616000,144.30894308942192
0 days 00:33:08.616000,2620.929118762019
0 days 00:33:09.616000,162.87878787878714
0 days 00:33:10.616000,954.751497486724
0 days 00:33:11.616000,1909.090909081961
0 days 00:33:12.616000,1909.090909081961
0 days 00:33:13.616000,2554.0123456670785
0 days 00:33:14.616000,945.0504339706134
0 days 00:33:15.616000,83.33333333333017
0 days 00:33:16.616000,160.32930585169416
0 days 00:33:17.616000,214.08045977013498
0 days 00:33:18.616000,199.71804511280328
0 days 00:33:19.616000,196.84178117710348
0 days 00:33:20.616000,1372.3958333273658
0 days 00:33:21.616000,973.2142857098128
0 days 00:33:22.616000,1285.3773584964415
0 days 00:33:23.616000,973.2142857164645
0 days 00:33:24.616000,81.55926352129705
0 days 00:33:25.616000,208.64567716136253
0 days 00:33:26.616000,190.74675324679134
0 days 00:33:27.616000,179.98602050326969
0 days 00:33:28.616000,145.84310048444868
0 days 00:33:29.616000,169.64285714285072
0 days 00:33:30.616000,173.4279918864218
0 days 00:33:31.616000,196.07843137254977
0 days 00:33:32.616000,172.91499599038667
0 days 00:33:33.616000,168.6046511627795
0 days 00:33:34.616000,169.6428571428658
0 days 00:33:35.616000,170.18072289166534
0 days 00:33:36.616000,169.64285714285072
0 days 00:33:37.616000,3795.1807228736616
0 days 00:33:38.616000,2548.809523868631
0 days 00:33:39.616000,779.6481826624615
0 days 00:33:40.616000,1285.3773584845992
0 days 00:33:41.616000,68.80733944955362
0 days 00:33:42.616000,3797.4683544124696
0 days 00:33:43.616000,1988.0775926881638
0 days 00:33:44.616000,161.05769230769278
0 days 00:33:45.616000,179.10929432004286
0 days 00:33:46.616000,175.04205214467913
0 days 00:33:47.616000,170.1807228915624
0 days 00:33:48.616000,181.39692585898678
0 days 00:33:49.616000,2559.2320261318514
0 days 00:33:50.616000,202.43496672717325
0 days 00:33:51.616000,173.70129870129512
0 days 00:33:52.616000,176.7786992579775
0 days 00:33:53.616000,170.731707317072
0 days 00:33:54.616000,1361.1329661623897
0 days 00:33:55.616000,68.18181818182734
0 days 00:33:56.616000,150.11116226322454
0 days 00:33:57.616000,1100.4457707132076
0 days 00:33:58.616000,86.20689655170679
0 days 00:33:59.616000,155.36898839138377
0 days 00:34:00.616000,210.29258098225634
0 days 00:34:01.616000,181.39367816093377
0 days 00:34:02.616000,943.0482620694125
0 days 00:34:03.616000,66.96428571428883
0 days 00:34:04.616000,3793.1034482579475
0 days 00:34:05.616000,158.48214285713968
0 days 00:34:06.616000,143.574297188753
0 days 00:34:07.616000,2614.9789028706005
0 days 00:34:08.616000,166.8103448276152
0 days 00:34:09.616000,954.2624520954154
0 days 00:34:10.616000,72.11538461539502
0 days 00:34:11.616000,172.46835443048877
0 days 00:34:12.616000,149.66071181277445
0 days 00:34:13.616000,199.99999999999872
0 days 00:34:14.616000,1689.8148148068558
0 days 00:34:15.616000,66.96428571430583
0 days 00:34:16.616000,174.49106771915407
0 days 00:34:17.616000,3799.3421051386936
0 days 00:34:18.616000,160.7142857143932
0 days 00:34:19.616000,948.7179487217928
0 days 00:34:20.616000,80.1353770418356
0 days 00:34:21.616000,200.40442741600168
0 days 00:34:22.616000,173.0769230768156
0 days 00:34:23.616000,947.5308642013797
0 days 00:34:24.616000,69.44444444444181
0 days 00:34:25.616000,170.73170731695356
0 days 00:34:26.616000,2556.561085889876
0 days 00:34:27.616000,202.4349667271066
0 days 00:34:28.616000,172.46835443025194
0 days 00:34:29.616000,175.60664112392132
0 days 00:34:30.616000,173.95320197045788
0 days 00:34:31.616000,175.67567567554408
0 days 00:34:32.616000,151.43933778102055
0 days 00:34:33.616000,203.66103430610556
0 days 00:34:34.616000,195.40398126456284
0 days 00:34:35.616000,195.72670535200973
0 days 00:34:36.616000,961.2068965556492
0 days 00:34:37.616000,1291.2087911909766
0 days 00:34:38.616000,2559.2497290611223
0 days 00:34:39.616000,176.0634028894224
0 days 00:34:40.616000,174.76204391743155
0 days 00:34:41.616000,779.7635319876592
0 days 00:34:42.616000,81.52173913044848
0 days 00:34:43.616000,178.65245009074613
0 days 00:34:44.616000,1732.4988449155717
0 days 00:34:45.616000,167.18913270637256
0 days 00:34:46.616000,180.14705882365638
0 days 00:34:47.616000,2903.1968390137467
0 days 00:34:48.616000,170.63492063504395
0 days 00:34:49.616000,1337.344720502711
0 days 00:34:50.616000,75.00000000002558
0 days 00:34:51.616000,159.63203463211116
0 days 00:34:52.616000,5028.409091027318
0 days 00:34:53.616000,86.20689655173496
0 days 00:34:54.616000,84.30913348946302
0 days 00:34:55.616000,1361.9800924220604
0 days 00:34:56.616000,183.27067669161943
0 days 00:34:57.616000,179.31034482761
0 days 00:34:58.616000,177.3872679045412
0 days 00:34:59.616000,312.0812114710563
0 days 00:35:00.616000,175.60664112392132
0 days 00:35:01.616000,1987.1515679885315
0 days 00:35:02.616000,3791.6666667553277
0 days 00:35:03.616000,153.97932387469612
0 days 00:35:04.616000,5022.935779792643
0 days 00:35:05.616000,3784.4036696002895
0 days 00:35:06.616000,735.7167004703251
0 days 00:35:07.616000,1287.4999999822019
0 days 00:35:08.616000,1285.7142857201727
0 days 00:35:09.616000,68.18181818180973
0 days 00:35:10.616000,142.7593588212967
0 days 00:35:11.616000,2613.8211382704194
0 days 00:35:12.616000,155.05865102636568
0 days 00:35:13.616000,183.27067669165635
0 days 00:35:14.616000,3802.083333422007
0 days 00:35:15.616000,743.9083820633301
0 days 00:35:16.616000,3126.703155356014
0 days 00:35:17.616000,2608.8435373320617
0 days 00:35:18.616000,2624.6684349302836
0 days 00:35:19.616000,2590.6968391277414
0 days 00:35:20.616000,3784.090908966418
0 days 00:35:21.616000,1283.1858407138384
0 days 00:35:22.616000,1907.6086956432184
0 days 00:35:23.616000,73.9144924776253
0 days 00:35:24.616000,2026.4866182647754
0 days 00:35:25.616000,68.80733944955362
0 days 00:35:26.616000,163.48379629635136
0 days 00:35:27.616000,173.07692307701743
0 days 00:35:28.616000,155.2905701754919
0 days 00:35:29.616000,199.6927803378476
0 days 00:35:30.616000,176.7786992577582
0 days 00:35:31.616000,186.12852664580655
0 days 00:35:32.616000,2566.2782842804086
0 days 00:35:33.616000,773.3217088085578
0 days 00:35:34.616000,66.96428571427185
0 days 00:35:35.616000,171.29629629619575
0 days 00:35:36.616000,171.6434176111281
0 days 00:35:37.616000,180.97014925383894
0 days 00:35:38.616000,2556.7393771868424
0 days 00:35:39.616000,204.88132557100312
0 days 00:35:40.616000,173.95320197045788
0 days 00:35:41.616000,172.91499599038667
0 days 00:35:42.616000,167.61363636373926
0 days 00:35:43.616000,1361.4232209677325
0 days 00:35:44.616000,64.10256410258503
0 days 00:35:45.616000,164.07119021152192
0 days 00:35:46.616000,3796.8750000886516
0 days 00:35:47.616000,141.00061432013229
0 days 00:35:48.616000,161.1047180666855
0 days 00:35:49.616000,2618.055555614747
0 days 00:35:50.616000,162.87878787888383
0 days 00:35:51.616000,177.81690140854477
0 days 00:35:52.616000,948.3122362907505
0 days 00:35:53.616000,78.42664092664228
0 days 00:35:54.616000,174.3421052632574
0 days 00:35:55.616000,200.45045045043852
0 days 00:35:56.616000,950.7902298889903
0 days 00:35:57.616000,1283.1858406901538
0 days 00:35:58.616000,1282.894736847986
0 days 00:35:59.616000,66.96428571427185
0 days 00:36:00.616000,2554.3923265049225
0 days 00:36:01.616000,5025.000000118228
0 days 00:36:02.616000,166.8103448275939
0 days 00:36:03.616000,3800.6756755512192
0 days 00:36:04.616000,155.3714116602376
0 days 00:36:05.616000,1282.608695658045
0 days 00:36:06.616000,65.78947368419163
0 days 00:36:07.616000,151.63624995578914
0 days 00:36:08.616000,1088.9084506996371
0 days 00:36:09.616000,1286.4077669961619
0 days 00:36:10.616000,68.80733944955362
0 days 00:36:11.616000,3796.2962963849623
0 days 00:36:12.616000,1989.703273574887
0 days 00:36:13.616000,1643.5643564488455
0 days 00:36:14.616000,66.96428571430583
0 days 00:36:15.616000,3794.1176471474805
0 days 00:36:16.616000,3784.0909091795806
0 days 00:36:17.616000,3784.7222220977337
0 days 00:36:18.616000,156.34510042602867
0 days 00:36:19.616000,142.01564321803517
0 days 00:36:20.616000,166.14846482701248
0 days 00:36:21.616000,2617.456896610858
0 days 00:36:22.616000,942.0627524114971
0 days 00:36:23.616000,1907.6086956432184
0 days 00:36:24.616000,65.78947368422443
0 days 00:36:25.616000,3793.60465125146
0 days 00:36:26.616000,3783.7837836593
0 days 00:36:27.616000,162.79248768475534
0 days 00:36:28.616000,168.60465116266107
0 days 00:36:29.616000,172.91499599038667
0 days 00:36:30.616000,1280.9917355430687
0 days 00:36:31.616000,72.72139625079684
0 days 00:36:32.616000,169.11764705894785
0 days 00:36:33.616000,170.18072289145942
0 days 00:36:34.616000,2616.327378538553
0 days 00:36:35.616000,150.3733407078215
0 days 00:36:36.616000,1281.7796610228243
0 days 00:36:37.616000,64.10256410255388
0 days 00:36:38.616000,164.0711902113283
0 days 00:36:39.616000,165.61059907831626
0 days 00:36:40.616000,3797.468354519051
0 days 00:36:41.616000,162.79248768473835
0 days 00:36:42.616000,143.94162013916136
0 days 00:36:43.616000,167.26403823177972
0 days 00:36:44.616000,196.07843137239186
0 days 00:36:45.616000,3793.103448364543
0 days 00:36:46.616000,156.01447090741433
0 days 00:36:47.616000,171.29629629619575
0 days 00:36:48.616000,165.08538899429496
0 days 00:36:49.616000,168.60465116289794
0 days 00:36:50.616000,3797.468354305888
0 days 00:36:51.616000,154.75152571924764
0 days 00:36:52.616000,1283.1858407138384
0 days 00:36:53.616000,79.82261640798158
0 days 00:36:54.616000,199.30213464704772
0 days 00:36:55.616000,737.7450980362946
0 days 00:36:56.616000,66.37168141592947
0 days 00:36:57.616000,169.64285714296915
0 days 00:36:58.616000,177.0833333332082
0 days 00:36:59.616000,1365.8564288899877
0 days 00:37:00.616000,86.47081813443118
0 days 00:37:01.616000,2613.5398981916683
0 days 00:37:02.616000,164.06249999987534
0 days 00:37:03.616000,177.8169014083502
0 days 00:37:04.616000,145.8724202625949
0 days 00:37:05.616000,169.66904063676066
0 days 00:37:06.616000,201.85728250236116
0 days 00:37:07.616000,1365.8564288899877
0 days 00:37:08.616000,68.18181818180973
0 days 00:37:09.616000,171.29629629619575
0 days 00:37:10.616000,150.52308802316327
0 days 00:37:11.616000,200.45045045043852
0 days 00:37:12.616000,173.07692307701743
0 days 00:37:13.616000,170.18072289166534
0 days 00:37:14.616000,3793.1034481513802
0 days 00:37:15.616000,2600.852272644334
0 days 00:37:16.616000,66.37168141592947
0 days 00:37:17.616000,161.83035714292038
0 days 00:37:18.616000,1985.3439922923342
0 days 00:37:19.616000,941.4191419180253
0 days 00:37:20.616000,73.52941176472359
0 days 00:37:21.616000,170.18072289166534
0 days 00:37:22.616000,164.57239309824504
0 days 00:37:23.616000,163.5813782993082
0 days 00:37:24.616000,163.5813782990864
0 days 00:37:25.616000,163.5813782993082
0 days 00:37:26.616000,164.07119021152192
0 days 00:37:27.616000,165.08538899426546
0 days 00:37:28.616000,1986.457498039535
0 days 00:37:29.616000,216.61490683212926
0 days 00:37:30.616000,3789.4736840860514
0 days 00:37:31.616000,161.76470588223862
0 days 00:37:32.616000,65.78947368422443
0 days 00:37:33.616000,64.10256410255388
0 days 00:37:34.616000,1281.2500000058726
0 days 00:37:35.616000,1282.0512820571507
0 days 00:37:36.616000,65.21739130434267
0 days 00:37:37.616000,2550.598205300865
0 days 00:37:38.616000,53.956834532392286
0 days 00:37:39.616000,3799.3421053518196
0 days 00:37:40.616000,162.4999999998683
0 days 00:37:41.616000,161.47741147749608
0 days 00:37:42.616000,2626.4367816682357
0 days 00:37:43.616000,3792.8697412938236
0 days 00:37:44.616000,163.26530612255752
0 days 00:37:45.616000,77.31958762883662
0 days 00:37:46.616000,189.06810035853024
0 days 00:37:47.616000,166.66666666655507
0 days 00:37:48.616000,165.3225806450551
0 days 00:37:49.616000,163.5813782991139
0 days 00:37:50.616000,163.5813782990864
0 days 00:37:51.616000,164.0711902113283
0 days 00:37:52.616000,168.60465116289794
0 days 00:37:53.616000,168.1034482757443
0 days 00:37:54.616000,169.117647058711
0 days 00:37:55.616000,166.69944925253753
0 days 00:37:56.616000,2559.2105262328214
0 days 00:37:57.616000,206.85366272080304
0 days 00:37:58.616000,172.33760494917416
0 days 00:37:59.616000,165.61059907831626
0 days 00:38:00.616000,165.61059907831626
0 days 00:38:01.616000,2554.997608858729
0 days 00:38:02.616000,175.00000000012128
0 days 00:38:03.616000,196.44602709109168
0 days 00:38:04.616000,169.04466501239958
0 days 00:38:05.616000,173.70129870117668
0 days 00:38:06.616000,160.32930585164686
0 days 00:38:07.616000,2618.0555556145896
0 days 00:38:08.616000,3789.893617109955
0 days 00:38:09.616000,547.149122808964
0 days 00:38:10.616000,169.04466501236453
0 days 00:38:11.616000,146.62447257390926
0 days 00:38:12.616000,202.87356321832453
0 days 00:38:13.616000,165.26442307679557
0 days 00:38:14.616000,168.43609636587007
0 days 00:38:15.616000,166.14846482701248
0 days 00:38:16.616000,3796.2962961718317
0 days 00:38:17.616000,158.48214285702974
0 days 00:38:18.616000,2613.095238154272
0 days 00:38:19.616000,3790.894699901053
0 days 00:38:20.616000,161.4077669904019
0 days 00:38:21.616000,185.28049408132767
0 days 00:38:22.616000,165.65204157062797
0 days 00:38:23.616000,176.7786992579775
0 days 00:38:24.616000,161.72861150068505
0 days 00:38:25.616000,167.37985516788441
0 days 00:38:26.616000,356.3669786094389
0 days 00:38:27.616000,3795.7317074057523
0 days 00:38:28.616000,3786.407767078964
0 days 00:38:29.616000,147.73395363106053
0 days 00:38:30.616000,1995.9677419265079
0 days 00:38:31.616000,878.1989377151643
0 days 00:38:32.616000,169.11764705891835
0 days 00:38:33.616000,170.18072289166534
0 days 00:38:34.616000,170.18072289166534
0 days 00:38:35.616000,166.14846482723428
0 days 00:38:36.616000,176.7786992579775
0 days 00:38:37.616000,2562.5476734486633
0 days 00:38:38.616000,201.09863318451775
0 days 00:38:39.616000,943.0482620694125
0 days 00:38:40.616000,65.21739130434267
0 days 00:38:41.616000,165.76086956510107
0 days 00:38:42.616000,162.63440860213905
0 days 00:38:43.616000,163.5813782990864
0 days 00:38:44.616000,169.117647058711
0 days 00:38:45.616000,166.14846482704343
0 days 00:38:46.616000,1985.2881493949308
0 days 00:38:47.616000,72.11538461539502
0 days 00:38:48.616000,2616.228070234464
0 days 00:38:49.616000,3789.893617109955
0 days 00:38:50.616000,147.33519232428625
0 days 00:38:51.616000,165.61059907834647
0 days 00:38:52.616000,170.73170731695356
0 days 00:38:53.616000,194.09897655128017
0 days 00:38:54.616000,172.46835443048877
0 days 00:38:55.616000,171.2962962964001
0 days 00:38:56.616000,176.18534482757843
0 days 00:38:57.616000,171.2962962964001
0 days 00:38:58.616000,1985.60855256929
0 days 00:38:59.616000,74.25742574257492
0 days 00:39:00.616000,203.32401366892225
0 days 00:39:01.616000,171.87499999988617
0 days 00:39:02.616000,173.95320197045788
0 days 00:39:03.616000,172.46835443048877
0 days 00:39:04.616000,148.76268673730223
0 days 00:39:05.616000,166.69944925253753
0 days 00:39:06.616000,204.46507515473908
0 days 00:39:07.616000,173.70129870141355
0 days 00:39:08.616000,171.29629629616326
0 days 00:39:09.616000,169.11764705894785
0 days 00:39:10.616000,3795.1807229802275
0 days 00:39:11.616000,160.37735849066257
0 days 00:39:12.616000,146.2289029536432
0 days 00:39:13.616000,946.0297766788489
0 days 00:39:14.616000,954.7514974788432
0 days 00:39:15.616000,165.02463054188195
0 days 00:39:16.616000,175.60664112388883
0 days 00:39:17.616000,175.04205214467913
0 days 00:39:18.616000,2561.764705941473
0 days 00:39:19.616000,198.90333989345916
0 days 00:39:20.616000,165.08538899426546
0 days 00:39:21.616000,170.7317073171904
0 days 00:39:22.616000,178.65245009074613
0 days 00:39:23.616000,172.46835443048877
0 days 00:39:24.616000,170.18072289166534
0 days 00:39:25.616000,147.70039060355913
0 days 00:39:26.616000,203.78680522746174
0 days 00:39:27.616000,179.31034482761
0 days 00:39:28.616000,169.64285714296915
0 days 00:39:29.616000,169.64285714273228
0 days 00:39:30.616000,3795.1807227670956
0 days 00:39:31.616000,2548.7816484987884
0 days 00:39:32.616000,196.02977667485095
0 days 00:39:33.616000,172.46835443025194
0 days 00:39:34.616000,173.9532019702346
0 days 00:39:35.616000,172.4683544302861
0 days 00:39:36.616000,170.18072289145942
0 days 00:39:37.616000,169.64285714296915
0 days 00:39:38.616000,172.91499599038667
0 days 00:39:39.616000,146.66506333179998
0 days 00:39:40.616000,198.3122362869104
0 days 00:39:41.616000,171.2962962964001
0 days 00:39:42.616000,176.18534482757843
0 days 00:39:43.616000,3804.347825962501
0 days 00:39:44.616000,149.03452529054985
0 days 00:39:45.616000,1379.3103448334762
0 days 00:39:46.616000,133.80809595194376
0 days 00:39:47.616000,168.6046511626899
0 days 00:39:48.616000,165.61059907831626
0 days 00:39:49.616000,167.26403823177972
0 days 00:39:50.616000,175.60664112388883
0 days 00:39:51.616000,176.7786992579775
0 days 00:39:52.616000,1991.1797348522607
0 days 00:39:53.616000,161.764705882455
0 days 00:39:54.616000,173.4279918864366
0 days 00:39:55.616000,168.10344827595299
0 days 00:39:56.616000,169.64285714273228
0 days 00:39:57.616000,3799.3421051386936
0 days 00:39:58.616000,2550.00500055917
0 days 00:39:59.616000,249.99999999975367
