participant,train_samples,test_samples,accuracy,balanced_accuracy,f1_score,sensitivity,specificity,training_time,features_used
1,15615,1267,0.44672454617206,0.4201378151606985,0.434132161636473,0.4201378151606985,0.726218121856223,0.1938173770904541,"hr_mean, hr_median, hr_std, hr_min, hr_max, hr_iqr, hr_skew, hr_kurtosis, hr_range"
2,15983,899,0.3592880978865406,0.32663641176915514,0.26427284895205666,0.32663641176915514,0.6645972648479761,0.2036271095275879,"hr_mean, hr_median, hr_std, hr_min, hr_max, hr_iqr, hr_skew, hr_kurtosis, hr_range"
3,15600,1282,0.47737909516380655,0.47841930225250584,0.48164171510702464,0.47841930225250584,0.7362718471419464,0.20854568481445312,"hr_mean, hr_median, hr_std, hr_min, hr_max, hr_iqr, hr_skew, hr_kurtosis, hr_range"
4,15848,1034,0.4796905222437137,0.41349402370678967,0.35252151542878357,0.41349402370678967,0.7159828637786805,0.20401668548583984,"hr_mean, hr_median, hr_std, hr_min, hr_max, hr_iqr, hr_skew, hr_kurtosis, hr_range"
5,15281,1601,0.5209244222361025,0.38963689048884814,0.3960273377207842,0.38963689048884814,0.7458102818606746,0.19300532341003418,"hr_mean, hr_median, hr_std, hr_min, hr_max, hr_iqr, hr_skew, hr_kurtosis, hr_range"
6,15983,899,0.40600667408231367,0.29635305614783225,0.2536625256637784,0.29635305614783225,0.6394619969720501,0.19274258613586426,"hr_mean, hr_median, hr_std, hr_min, hr_max, hr_iqr, hr_skew, hr_kurtosis, hr_range"
7,15744,1138,0.3945518453427065,0.3672625513657836,0.3789877141572931,0.3672625513657836,0.7053268814771468,0.19360756874084473,"hr_mean, hr_median, hr_std, hr_min, hr_max, hr_iqr, hr_skew, hr_kurtosis, hr_range"
8,15709,1173,0.3674339300937766,0.4453264447551808,0.3384672512755094,0.4453264447551808,0.7056761428472758,0.20357823371887207,"hr_mean, hr_median, hr_std, hr_min, hr_max, hr_iqr, hr_skew, hr_kurtosis, hr_range"
9,16745,137,0.46715328467153283,0.38048322777386817,0.3144916086092557,0.38048322777386817,0.7049290372075182,0.19495701789855957,"hr_mean, hr_median, hr_std, hr_min, hr_max, hr_iqr, hr_skew, hr_kurtosis, hr_range"
10,16782,100,0.52,0.52,0.2280701754385965,0.17333333333333334,0.5066666666666667,0.2396993637084961,"hr_mean, hr_median, hr_std, hr_min, hr_max, hr_iqr, hr_skew, hr_kurtosis, hr_range"
11,16736,146,0.273972602739726,0.4566091954022989,0.2824675324675325,0.30440613026819924,0.7173358526216344,0.20448875427246094,"hr_mean, hr_median, hr_std, hr_min, hr_max, hr_iqr, hr_skew, hr_kurtosis, hr_range"
12,15491,1391,0.4565061107117182,0.5306427612448044,0.42418102139271313,0.5306427612448044,0.7478777506423414,0.19219350814819336,"hr_mean, hr_median, hr_std, hr_min, hr_max, hr_iqr, hr_skew, hr_kurtosis, hr_range"
13,15322,1560,0.37051282051282053,0.3334127642549085,0.29464568579879613,0.3334127642549085,0.6752450264240047,0.19299864768981934,"hr_mean, hr_median, hr_std, hr_min, hr_max, hr_iqr, hr_skew, hr_kurtosis, hr_range"
14,16362,520,0.35192307692307695,0.346551724137931,0.2502740467794551,0.23103448275862068,0.613435589897359,0.2413475513458252,"hr_mean, hr_median, hr_std, hr_min, hr_max, hr_iqr, hr_skew, hr_kurtosis, hr_range"
15,15856,1026,0.3762183235867446,0.45882044567866265,0.3390468169176672,0.45882044567866265,0.7203554443423053,0.20293903350830078,"hr_mean, hr_median, hr_std, hr_min, hr_max, hr_iqr, hr_skew, hr_kurtosis, hr_range"
16,16419,463,0.326133909287257,0.2621527777777778,0.16395222584147665,0.2621527777777778,0.6282771535580524,0.2043004035949707,"hr_mean, hr_median, hr_std, hr_min, hr_max, hr_iqr, hr_skew, hr_kurtosis, hr_range"
17,16633,249,0.1606425702811245,0.36456618691878057,0.3405829596412557,0.36456618691878057,0.5247413486430104,0.2049121856689453,"hr_mean, hr_median, hr_std, hr_min, hr_max, hr_iqr, hr_skew, hr_kurtosis, hr_range"
18,16814,68,0.08823529411764706,0.6666666666666666,0.35353535353535354,0.6666666666666666,0.6868686868686869,0.20531725883483887,"hr_mean, hr_median, hr_std, hr_min, hr_max, hr_iqr, hr_skew, hr_kurtosis, hr_range"
20,16523,359,0.5487465181058496,0.5249442991378476,0.4726087169128572,0.5249442991378476,0.7748173406317819,0.2049877643585205,"hr_mean, hr_median, hr_std, hr_min, hr_max, hr_iqr, hr_skew, hr_kurtosis, hr_range"
21,16452,430,0.2627906976744186,0.4041724954768433,0.2402591026099643,0.4041724954768433,0.6706050228310502,0.22300148010253906,"hr_mean, hr_median, hr_std, hr_min, hr_max, hr_iqr, hr_skew, hr_kurtosis, hr_range"
22,16855,27,0.9629629629629629,0.9375,0.6444444444444445,0.625,0.9876543209876543,0.22484922409057617,"hr_mean, hr_median, hr_std, hr_min, hr_max, hr_iqr, hr_skew, hr_kurtosis, hr_range"
23,16555,327,0.6146788990825688,0.6572003204308773,0.6513204511430413,0.6572003204308773,0.7909663865546218,0.20478439331054688,"hr_mean, hr_median, hr_std, hr_min, hr_max, hr_iqr, hr_skew, hr_kurtosis, hr_range"
24,16816,66,0.06060606060606061,0.03389830508474576,0.042328042328042326,0.022598870056497175,0.6634994007875363,0.21425199508666992,"hr_mean, hr_median, hr_std, hr_min, hr_max, hr_iqr, hr_skew, hr_kurtosis, hr_range"
25,16493,389,0.6555269922879178,0.35714285714285715,0.422932022932023,0.35714285714285715,0.8026039598084465,0.20585250854492188,"hr_mean, hr_median, hr_std, hr_min, hr_max, hr_iqr, hr_skew, hr_kurtosis, hr_range"
26,16817,65,0.6153846153846154,0.5955984970477725,0.5628981175047151,0.5955984970477725,0.8143525480367586,0.21574759483337402,"hr_mean, hr_median, hr_std, hr_min, hr_max, hr_iqr, hr_skew, hr_kurtosis, hr_range"
27,16813,69,0.30434782608695654,0.30995475113122173,0.29298092418659794,0.30995475113122173,0.6601073345259391,0.22565865516662598,"hr_mean, hr_median, hr_std, hr_min, hr_max, hr_iqr, hr_skew, hr_kurtosis, hr_range"
28,16807,75,0.36,0.32222222222222224,0.31461864406779666,0.32222222222222224,0.6739766081871345,0.2256319522857666,"hr_mean, hr_median, hr_std, hr_min, hr_max, hr_iqr, hr_skew, hr_kurtosis, hr_range"
29,16832,50,0.2,0.2577777777777778,0.20055916305916308,0.2577777777777778,0.6173809523809523,0.22522687911987305,"hr_mean, hr_median, hr_std, hr_min, hr_max, hr_iqr, hr_skew, hr_kurtosis, hr_range"
31,16810,72,0.4444444444444444,0.4259259259259259,0.4115751141653084,0.4259259259259259,0.7098765432098766,0.22555971145629883,"hr_mean, hr_median, hr_std, hr_min, hr_max, hr_iqr, hr_skew, hr_kurtosis, hr_range"
