mean_fit_time,std_fit_time,mean_score_time,std_score_time,param_clf__max_depth,param_clf__min_samples_leaf,param_clf__min_samples_split,param_clf__n_estimators,params,split0_test_score,split1_test_score,split2_test_score,split3_test_score,split4_test_score,split5_test_score,split6_test_score,split7_test_score,split8_test_score,split9_test_score,mean_test_score,std_test_score,rank_test_score
0.25879244804382323,0.009779369262723357,0.032845926284790036,0.0026004925726167572,,1,2,100,"{'clf__max_depth': None, 'clf__min_samples_leaf': 1, 'clf__min_samples_split': 2, 'clf__n_estimators': 100}",0.2,0.4,0.2,0.4,0.5,0.25,0.0,0.0,0.25,0.25,0.24500000000000002,0.15402921800749364,28
0.8054935216903687,0.0466075050519033,0.07568457126617431,0.005866060148274429,,1,2,300,"{'clf__max_depth': None, 'clf__min_samples_leaf': 1, 'clf__min_samples_split': 2, 'clf__n_estimators': 300}",0.0,0.2,0.2,0.4,0.5,0.25,0.0,0.0,0.0,0.25,0.18,0.17058722109231983,35
1.4453514575958253,0.10847328168695834,0.10472438335418702,0.00485133352537058,,1,2,500,"{'clf__max_depth': None, 'clf__min_samples_leaf': 1, 'clf__min_samples_split': 2, 'clf__n_estimators': 500}",0.0,0.4,0.2,0.4,0.5,0.25,0.0,0.0,0.0,0.25,0.2,0.18303005217723128,32
0.27642221450805665,0.033247083252001174,0.07617902755737305,0.06057099312175397,,1,5,100,"{'clf__max_depth': None, 'clf__min_samples_leaf': 1, 'clf__min_samples_split': 5, 'clf__n_estimators': 100}",0.2,0.4,0.2,0.4,0.5,0.5,0.0,0.0,0.25,0.25,0.27,0.17204650534085256,7
0.8391122817993164,0.05408888078670506,0.0690119743347168,0.007047092130695677,,1,5,300,"{'clf__max_depth': None, 'clf__min_samples_leaf': 1, 'clf__min_samples_split': 5, 'clf__n_estimators': 300}",0.2,0.4,0.2,0.4,0.5,0.5,0.0,0.0,0.25,0.25,0.27,0.17204650534085256,7
1.5696599006652832,0.12122033814008863,0.1085308313369751,0.00906182964385237,,1,5,500,"{'clf__max_depth': None, 'clf__min_samples_leaf': 1, 'clf__min_samples_split': 5, 'clf__n_estimators': 500}",0.2,0.4,0.2,0.4,0.5,0.5,0.0,0.0,0.25,0.25,0.27,0.17204650534085256,7
0.2979478120803833,0.06362772141549196,0.03420455455780029,0.00771769032013877,,2,2,100,"{'clf__max_depth': None, 'clf__min_samples_leaf': 2, 'clf__min_samples_split': 2, 'clf__n_estimators': 100}",0.2,0.2,0.2,0.2,0.5,0.5,0.0,0.0,0.5,0.25,0.255,0.1795132307101624,22
0.843064546585083,0.0449494556404721,0.06681182384490966,0.0024220494383646093,,2,2,300,"{'clf__max_depth': None, 'clf__min_samples_leaf': 2, 'clf__min_samples_split': 2, 'clf__n_estimators': 300}",0.2,0.2,0.2,0.4,0.5,0.5,0.0,0.0,0.5,0.25,0.275,0.1833712082089225,4
1.391323971748352,0.05641750007894443,0.10455069541931153,0.005757694776565333,,2,2,500,"{'clf__max_depth': None, 'clf__min_samples_leaf': 2, 'clf__min_samples_split': 2, 'clf__n_estimators': 500}",0.2,0.2,0.2,0.4,0.5,0.5,0.0,0.0,0.25,0.25,0.25,0.16733200530681513,25
0.27873494625091555,0.042028607552245016,0.0342592716217041,0.008663324692771862,,2,5,100,"{'clf__max_depth': None, 'clf__min_samples_leaf': 2, 'clf__min_samples_split': 5, 'clf__n_estimators': 100}",0.2,0.4,0.2,0.4,0.5,0.25,0.0,0.0,0.5,0.25,0.27,0.17204650534085253,7
0.8678069829940795,0.06650977010409714,0.0662494421005249,0.0014825392429197162,,2,5,300,"{'clf__max_depth': None, 'clf__min_samples_leaf': 2, 'clf__min_samples_split': 5, 'clf__n_estimators': 300}",0.2,0.2,0.2,0.4,0.5,0.5,0.0,0.0,0.5,0.5,0.3,0.19493588689617927,1
1.4963070154190063,0.09786523457418703,0.11505420207977295,0.008683939570284575,,2,5,500,"{'clf__max_depth': None, 'clf__min_samples_leaf': 2, 'clf__min_samples_split': 5, 'clf__n_estimators': 500}",0.2,0.4,0.2,0.4,0.5,0.5,0.0,0.0,0.25,0.25,0.27,0.17204650534085256,7
0.2876661539077759,0.02620965817057127,0.036726522445678714,0.006865518490176182,10,1,2,100,"{'clf__max_depth': 10, 'clf__min_samples_leaf': 1, 'clf__min_samples_split': 2, 'clf__n_estimators': 100}",0.2,0.2,0.2,0.4,0.5,0.25,0.0,0.0,0.25,0.25,0.225,0.14534441853748634,30
0.9613979578018188,0.07407267234043659,0.07471559047698975,0.005351437052117175,10,1,2,300,"{'clf__max_depth': 10, 'clf__min_samples_leaf': 1, 'clf__min_samples_split': 2, 'clf__n_estimators': 300}",0.0,0.2,0.2,0.4,0.5,0.25,0.0,0.0,0.25,0.25,0.205,0.16039014932345438,31
1.6243309736251832,0.2762472425761168,0.13024544715881348,0.03702599658820282,10,1,2,500,"{'clf__max_depth': 10, 'clf__min_samples_leaf': 1, 'clf__min_samples_split': 2, 'clf__n_estimators': 500}",0.0,0.4,0.2,0.4,0.5,0.25,0.0,0.0,0.0,0.25,0.2,0.18303005217723128,32
0.3060028076171875,0.02330726630308194,0.03567450046539307,0.002991844617372162,10,1,5,100,"{'clf__max_depth': 10, 'clf__min_samples_leaf': 1, 'clf__min_samples_split': 5, 'clf__n_estimators': 100}",0.2,0.4,0.2,0.4,0.5,0.5,0.0,0.0,0.25,0.25,0.27,0.17204650534085256,7
1.2327733039855957,0.08036976917218734,0.07591886520385742,0.005634079484348276,10,1,5,300,"{'clf__max_depth': 10, 'clf__min_samples_leaf': 1, 'clf__min_samples_split': 5, 'clf__n_estimators': 300}",0.2,0.4,0.2,0.4,0.5,0.5,0.0,0.0,0.25,0.25,0.27,0.17204650534085256,7
2.2334677934646607,0.6296944653202879,0.14686083793640137,0.02328285880434465,10,1,5,500,"{'clf__max_depth': 10, 'clf__min_samples_leaf': 1, 'clf__min_samples_split': 5, 'clf__n_estimators': 500}",0.2,0.4,0.2,0.4,0.5,0.5,0.0,0.0,0.25,0.25,0.27,0.17204650534085256,7
0.5606058597564697,0.1524379580713683,0.04961650371551514,0.02033995914386737,10,2,2,100,"{'clf__max_depth': 10, 'clf__min_samples_leaf': 2, 'clf__min_samples_split': 2, 'clf__n_estimators': 100}",0.2,0.2,0.2,0.2,0.5,0.5,0.0,0.0,0.5,0.25,0.255,0.1795132307101624,22
1.5551096677780152,0.2120210433294639,0.08720760345458985,0.023322315479762486,10,2,2,300,"{'clf__max_depth': 10, 'clf__min_samples_leaf': 2, 'clf__min_samples_split': 2, 'clf__n_estimators': 300}",0.2,0.2,0.2,0.4,0.5,0.5,0.0,0.0,0.5,0.25,0.275,0.1833712082089225,4
2.8030815362930297,0.4447963842186552,0.15298922061920167,0.023437355098868316,10,2,2,500,"{'clf__max_depth': 10, 'clf__min_samples_leaf': 2, 'clf__min_samples_split': 2, 'clf__n_estimators': 500}",0.2,0.2,0.2,0.4,0.5,0.5,0.0,0.0,0.25,0.25,0.25,0.16733200530681513,25
0.6829127788543701,0.1522606990349206,0.044641518592834474,0.01576114359656259,10,2,5,100,"{'clf__max_depth': 10, 'clf__min_samples_leaf': 2, 'clf__min_samples_split': 5, 'clf__n_estimators': 100}",0.2,0.4,0.2,0.4,0.5,0.25,0.0,0.0,0.5,0.25,0.27,0.17204650534085253,7
1.8097676277160644,0.1697789351700576,0.09235503673553466,0.010837146332865586,10,2,5,300,"{'clf__max_depth': 10, 'clf__min_samples_leaf': 2, 'clf__min_samples_split': 5, 'clf__n_estimators': 300}",0.2,0.2,0.2,0.4,0.5,0.5,0.0,0.0,0.5,0.5,0.3,0.19493588689617927,1
2.6475630044937133,0.3098573830204118,0.1393874168395996,0.011045100022927731,10,2,5,500,"{'clf__max_depth': 10, 'clf__min_samples_leaf': 2, 'clf__min_samples_split': 5, 'clf__n_estimators': 500}",0.2,0.4,0.2,0.4,0.5,0.5,0.0,0.0,0.25,0.25,0.27,0.17204650534085256,7
0.5301183223724365,0.08101461753438109,0.043921256065368654,0.017143493152411638,20,1,2,100,"{'clf__max_depth': 20, 'clf__min_samples_leaf': 1, 'clf__min_samples_split': 2, 'clf__n_estimators': 100}",0.2,0.4,0.2,0.4,0.5,0.25,0.0,0.0,0.25,0.25,0.24500000000000002,0.15402921800749364,28
1.4017882585525512,0.09203946740371512,0.08659799098968506,0.00480432253609884,20,1,2,300,"{'clf__max_depth': 20, 'clf__min_samples_leaf': 1, 'clf__min_samples_split': 2, 'clf__n_estimators': 300}",0.0,0.2,0.2,0.4,0.5,0.25,0.0,0.0,0.0,0.25,0.18,0.17058722109231983,35
2.57431378364563,0.5121146136763447,0.16198441982269288,0.04860267314745367,20,1,2,500,"{'clf__max_depth': 20, 'clf__min_samples_leaf': 1, 'clf__min_samples_split': 2, 'clf__n_estimators': 500}",0.0,0.4,0.2,0.4,0.5,0.25,0.0,0.0,0.0,0.25,0.2,0.18303005217723128,32
0.46592559814453127,0.09959063670888127,0.040380001068115234,0.010605748637379037,20,1,5,100,"{'clf__max_depth': 20, 'clf__min_samples_leaf': 1, 'clf__min_samples_split': 5, 'clf__n_estimators': 100}",0.2,0.4,0.2,0.4,0.5,0.5,0.0,0.0,0.25,0.25,0.27,0.17204650534085256,7
1.7885797023773193,0.18215904660876445,0.08512072563171387,0.005908789655543751,20,1,5,300,"{'clf__max_depth': 20, 'clf__min_samples_leaf': 1, 'clf__min_samples_split': 5, 'clf__n_estimators': 300}",0.2,0.4,0.2,0.4,0.5,0.5,0.0,0.0,0.25,0.25,0.27,0.17204650534085256,7
2.614325666427612,0.3457686492370089,0.12546846866607667,0.0043607651525770594,20,1,5,500,"{'clf__max_depth': 20, 'clf__min_samples_leaf': 1, 'clf__min_samples_split': 5, 'clf__n_estimators': 500}",0.2,0.4,0.2,0.4,0.5,0.5,0.0,0.0,0.25,0.25,0.27,0.17204650534085256,7
0.3416782855987549,0.038837020951618326,0.03808495998382568,0.00562665811576436,20,2,2,100,"{'clf__max_depth': 20, 'clf__min_samples_leaf': 2, 'clf__min_samples_split': 2, 'clf__n_estimators': 100}",0.2,0.2,0.2,0.2,0.5,0.5,0.0,0.0,0.5,0.25,0.255,0.1795132307101624,22
1.12869713306427,0.10694348995045512,0.09580307006835938,0.0257392982216346,20,2,2,300,"{'clf__max_depth': 20, 'clf__min_samples_leaf': 2, 'clf__min_samples_split': 2, 'clf__n_estimators': 300}",0.2,0.2,0.2,0.4,0.5,0.5,0.0,0.0,0.5,0.25,0.275,0.1833712082089225,4
2.4752060651779173,0.3025188232132506,0.14820663928985595,0.03197603633826998,20,2,2,500,"{'clf__max_depth': 20, 'clf__min_samples_leaf': 2, 'clf__min_samples_split': 2, 'clf__n_estimators': 500}",0.2,0.2,0.2,0.4,0.5,0.5,0.0,0.0,0.25,0.25,0.25,0.16733200530681513,25
0.4514471530914307,0.09987945801009468,0.0497340202331543,0.02664669785198502,20,2,5,100,"{'clf__max_depth': 20, 'clf__min_samples_leaf': 2, 'clf__min_samples_split': 5, 'clf__n_estimators': 100}",0.2,0.4,0.2,0.4,0.5,0.25,0.0,0.0,0.5,0.25,0.27,0.17204650534085253,7
1.5633726358413695,0.3275018845208937,0.08660888671875,0.006603589728260191,20,2,5,300,"{'clf__max_depth': 20, 'clf__min_samples_leaf': 2, 'clf__min_samples_split': 5, 'clf__n_estimators': 300}",0.2,0.2,0.2,0.4,0.5,0.5,0.0,0.0,0.5,0.5,0.3,0.19493588689617927,1
2.3141565799713133,0.4750713350820008,0.11987085342407226,0.016501108805193093,20,2,5,500,"{'clf__max_depth': 20, 'clf__min_samples_leaf': 2, 'clf__min_samples_split': 5, 'clf__n_estimators': 500}",0.2,0.4,0.2,0.4,0.5,0.5,0.0,0.0,0.25,0.25,0.27,0.17204650534085256,7
